id,split,initials,requested_count,candidates,approved,note
TRAIN0001,train,ㄷㅇㅈ,3,도와줘 | 다음 주 | 들어줘,1,
TRAIN0002,train,ㅁㅈ,5,물 줘 | 물 좀 | 맥주 | 먹자 | 맞지,1,
TRAIN0003,train,ㅈㅇ,8,좋아 | 줘요 | 저요 | 자요 | 주워 | 지워 | 조용 | 제일,1,
TRAIN0004,train,ㅇㄴ,12,아니 | 안녕 | 오늘 | 언니 | 안내 | 있나 | 없나 | 오냐,1,
TRAIN0005,train,ㅂㅈ,16,밥 줘 | 밥 좀 | 봐줘 | 보자 | 바지 | 부자 | 병 줘 | 빚져,1,
TRAIN0006,train,ㄷㅇ,3,더워 | 도와 | 닫아,1,
TRAIN0007,train,ㅅㅇ,5,싫어 | 쉬어 | 사요 | 수요 | 서요,1,
TRAIN0008,train,ㅁㅇ,8,맞아 | 뭐야 | 미안 | 모여 | 마요 | 무용 | 매워 | 믿어,1,
TRAIN0009,train,ㄱㅁㅇ,12,고마워 | 그만요 | 개막일 | 구매요 | 그 말이,1,
TRAIN0010,train,ㅈㄱㅅㅇ,16,자고 싶어 | 지금 사요 | 저거 사요 | 조금 세요 | 제가 사요 | 저기 서요,1,
TRAIN0011,train,ㅁㄹㅇㅍ,3,머리 아파 | 무릎 아파,1,
TRAIN0012,train,ㅂㅇㅍ,5,배 아파 | 발 아파 | 볼 아파,1,
TRAIN0013,train,ㅁㅇㅍ,8,목 아픔 | 몸 아파 | 맘 아파,1,
TRAIN0014,train,ㅇㅅㅂㄹㅈ,12,의사 불러줘 | 어서 불러줘 | 우선 불러줘 | 우산 빌려줘,1,
TRAIN0015,train,ㄱㅎㅅㅂㄹㅈ,16,간호사 불러줘 | 그 학생 불러줘 | 그 회사 불러줘,1,
TRAIN0016,train,ㅂㄲㅈ,3,불 꺼줘 | 불 끄자 | 바꿔줘,1,
TRAIN0017,train,ㅈㅁㅋㅈ,5,조명 켜줘 | 자막 켜줘 | 조명 켜자 | 조명 켜죠,1,
TRAIN0018,train,ㅈㅁㄲㅈ,8,조명 꺼줘 | 좀만 꺼줘 | 조명 꺼져 | 조명 끄자 | 좀만 끄자,1,
TRAIN0019,train,ㅌㅂㅋㅈ,12,티비 켜줘 | 티비 켜자 | 티비 켜죠 | 티비 키자,1,
TRAIN0020,train,ㅁㄷㅇㅈ,16,문 닫아줘 | 만들어줘 | 말 들어줘 | 물도 있죠,1,
TRAIN0021,train,ㄴㅁㅇㄷㅇ,3,너무 어두워 | 내 물 어디야 | 나 뭐 어딨어,1,
TRAIN0022,train,ㄴㅁㅂㅇ,5,너무 밝아 | 나만 봐요 | 내 말 봐요 | 너 뭐 보여,1,
TRAIN0023,train,ㅇㄴㅁㅎ,8,오늘 뭐 해 | 아니 뭐 해 | 아냐 뭐 해 | 오늘 뭐함,1,
TRAIN0024,train,ㄴㅇㅁㅎ,12,내일 뭐 해 | 너 왜 뭐 해 | 내일 뭐함 | 나 왜 뭐 해,1,
TRAIN0025,train,ㅈㄱㅁㅅㅇ,16,지금 몇 시야 | 저기 몇 시야 | 자기 몇 시야 | 지금 뭐 사요 | 조금만 쉬어,1,
TRAIN0026,train,ㄷㅅㅁㅎㅈ,3,다시 말해줘 | 대신 말해줘 | 다 설명해줘,1,
TRAIN0027,train,ㅈㄲㅁ,5,잠깐만 | 자꾸만 | 저 껌만,1,
TRAIN0028,train,ㄷㅇㅇㅎㅈ,8,다음에 하자 | 다음에 해줘 | 다음에 하죠,1,
TRAIN0029,train,ㅁㅁㄹ,12,목 말라 | 뭐 말래 | 목마름 | 맘마를 | 마무리,1,
TRAIN0030,train,ㅁㅁㅅㄹ,16,물 마실래 | 뭐 마실래 | 뭘 마실래 | 물 마시러,1,
TRAIN0031,train,ㅅㄱㅅㅇ,3,쉬고 싶어 | 사고 싶어 | 살고 싶어,1,
TRAIN0032,train,ㅇㄱㅅㅇ,5,앉고 싶어 | 알고 싶어 | 읽고 싶어 | 입고 싶어 | 오고 싶어,1,
TRAIN0033,train,ㄴㅇㅇㄱㅅㅇ,8,누워 있고 싶어 | 내 옆에 계세요 | 내 앞에 계세요,1,
TRAIN0034,train,ㄷㅇㅈ,12,다음 주 | 들어줘 | 다 알지 | 다 있지 | 다 오죠 | 더 있죠 | 도와줘,1,
TRAIN0035,train,ㅁㅈ,16,물 좀 | 맥주 | 먹자 | 맞지 | 뭐지 | 먼저 | 모자 | 문제 | 만져 | 말자 | 물 줘,1,
TRAIN0036,train,ㅈㅇ,3,줘요 | 저요 | 자요,1,
TRAIN0037,train,ㅇㄴ,5,안녕 | 오늘 | 언니 | 안내 | 있나,1,
TRAIN0038,train,ㅂㅈ,8,밥 좀 | 봐줘 | 보자 | 바지 | 부자 | 병 줘 | 빚져 | 밥 줘,1,
TRAIN0039,train,ㄷㅇ,12,도와 | 닫아 | 다음 | 동의 | 되어 | 들어 | 더워,1,
TRAIN0040,train,ㅅㅇ,16,쉬어 | 사요 | 수요 | 서요 | 소요 | 세워 | 싫어,1,
TRAIN0041,train,ㅁㅇ,3,뭐야 | 미안 | 모여,1,
TRAIN0042,train,ㄱㅁㅇ,5,그만요 | 개막일 | 구매요 | 그 말이 | 고마워,1,
TRAIN0043,train,ㅈㄱㅅㅇ,8,지금 사요 | 저거 사요 | 조금 세요 | 제가 사요 | 저기 서요 | 자고 싶어,1,
TRAIN0044,train,ㅁㄹㅇㅍ,12,무릎 아파 | 머리 아파,1,
TRAIN0045,train,ㅂㅇㅍ,16,발 아파 | 볼 아파 | 배 아파,1,
TRAIN0046,train,ㅁㅇㅍ,3,몸 아파 | 맘 아파 | 목 아픔,1,
TRAIN0047,train,ㅇㅅㅂㄹㅈ,5,어서 불러줘 | 우선 불러줘 | 우산 빌려줘 | 의사 불러줘,1,
TRAIN0048,train,ㄱㅎㅅㅂㄹㅈ,8,그 학생 불러줘 | 그 회사 불러줘 | 간호사 불러줘,1,
TRAIN0049,train,ㅂㄲㅈ,12,불 끄자 | 바꿔줘 | 불 껐지 | 불 꺼줘,1,
TRAIN0050,train,ㅈㅁㅋㅈ,16,자막 켜줘 | 조명 켜자 | 조명 켜죠 | 조명 켜줘,1,
TRAIN0051,train,ㅈㅁㄲㅈ,3,좀만 꺼줘 | 조명 꺼져 | 조명 끄자,1,
TRAIN0052,train,ㅌㅂㅋㅈ,5,티비 켜자 | 티비 켜죠 | 티비 키자 | 티비 켜줘,1,
TRAIN0053,train,ㅁㄷㅇㅈ,8,만들어줘 | 말 들어줘 | 물도 있죠 | 문 닫아줘,1,
TRAIN0054,train,ㄴㅁㅇㄷㅇ,12,내 물 어디야 | 나 뭐 어딨어 | 내 맘 안 돼요 | 너무 어두워,1,
TRAIN0055,train,ㄴㅁㅂㅇ,16,나만 봐요 | 내 말 봐요 | 너 뭐 보여 | 너무 밝아,1,
TRAIN0056,train,ㅇㄴㅁㅎ,3,아니 뭐 해 | 아냐 뭐 해 | 오늘 뭐함,1,
TRAIN0057,train,ㄴㅇㅁㅎ,5,너 왜 뭐 해 | 내일 뭐함 | 나 왜 뭐 해 | 내일 뭐 해,1,
TRAIN0058,train,ㅈㄱㅁㅅㅇ,8,저기 몇 시야 | 자기 몇 시야 | 지금 뭐 사요 | 조금만 쉬어 | 지금 몇 시야,1,
TRAIN0059,train,ㄷㅅㅁㅎㅈ,12,대신 말해줘 | 다 설명해줘 | 더 설명해줘 | 다시 말해줘,1,
TRAIN0060,train,ㅈㄲㅁ,16,자꾸만 | 저 껌만 | 잠깐만,1,
TRAIN0061,train,ㄷㅇㅇㅎㅈ,3,다음에 해줘 | 다음에 하죠 | 다음에 하자,1,
TRAIN0062,train,ㅁㅁㄹ,5,뭐 말래 | 목마름 | 맘마를 | 마무리 | 목 말라,1,
TRAIN0063,train,ㅁㅁㅅㄹ,8,뭐 마실래 | 뭘 마실래 | 물 마시러 | 물 마실래,1,
TRAIN0064,train,ㅅㄱㅅㅇ,12,사고 싶어 | 살고 싶어 | 숨고 싶어 | 서고 싶어 | 쉬고 싶어,1,
TRAIN0065,train,ㅇㄱㅅㅇ,16,알고 싶어 | 읽고 싶어 | 입고 싶어 | 오고 싶어 | 앉고 싶어,1,
TRAIN0066,train,ㄴㅇㅇㄱㅅㅇ,3,내 옆에 계세요 | 내 앞에 계세요 | 누워 있고 싶어,1,
TRAIN0067,train,ㄷㅇㅈ,5,더 있죠 | 도와줘 | 다 알지 | 다 있지 | 들어줘,1,
TRAIN0068,train,ㅁㅈ,8,물 줘 | 먹자 | 뭐지 | 만져 | 말자 | 물 좀 | 맥주 | 먼저,1,
TRAIN0069,train,ㅈㅇ,12,좋아 | 줘요 | 주워 | 저요 | 자요 | 조용 | 지워 | 제일,1,
TRAIN0070,train,ㅇㄴ,16,안내 | 없나 | 언니 | 있나 | 안녕 | 오냐 | 아니 | 오늘,1,
TRAIN0071,train,ㅂㅈ,3,밥 줘 | 밥 좀 | 바지,1,
TRAIN0072,train,ㄷㅇ,5,닫아 | 다음 | 도와 | 들어 | 더워,1,
TRAIN0073,train,ㅅㅇ,8,쉬어 | 소요 | 세워 | 싫어 | 사요 | 서요 | 수요,1,
TRAIN0074,train,ㅁㅇ,12,마요 | 모여 | 매워 | 뭐야 | 믿어 | 미안 | 무용 | 맞아,1,
TRAIN0075,train,ㄱㅁㅇ,16,개막일 | 그 말이 | 구매요 | 그만요 | 고마워,1,
TRAIN0076,train,ㅈㄱㅅㅇ,3,제가 사요 | 저거 사요 | 저기 서요,1,
TRAIN0077,train,ㅁㄹㅇㅍ,5,무릎 아파 | 머리 아파,1,
TRAIN0078,train,ㅂㅇㅍ,8,볼 아파 | 발 아파 | 배 아파,1,
TRAIN0079,train,ㅁㅇㅍ,12,맘 아파 | 몸 아파 | 목 아픔,1,
TRAIN0080,train,ㅇㅅㅂㄹㅈ,16,우선 불러줘 | 어서 불러줘 | 우산 빌려줘 | 의사 불러줘,1,
TRAIN0081,train,ㄱㅎㅅㅂㄹㅈ,3,간호사 불러줘 | 그 회사 불러줘 | 그 학생 불러줘,1,
TRAIN0082,train,ㅂㄲㅈ,5,바꿔줘 | 불 꺼줘 | 불 끄자 | 불 껐지,1,
TRAIN0083,train,ㅈㅁㅋㅈ,8,조명 켜죠 | 조명 켜자 | 조명 켜줘 | 자막 켜줘,1,
TRAIN0084,train,ㅈㅁㄲㅈ,12,조명 꺼져 | 조명 꺼줘 | 조명 끄자 | 좀만 끄자 | 좀만 꺼줘,1,
TRAIN0085,train,ㅌㅂㅋㅈ,16,티비 켜자 | 티비 켜죠 | 티비 켜줘 | 티비 키자,1,
TRAIN0086,train,ㅁㄷㅇㅈ,3,말 들어줘 | 만들어줘 | 물도 있죠,1,
TRAIN0087,train,ㄴㅁㅇㄷㅇ,5,나 뭐 어딨어 | 내 물 어디야 | 너무 어두워 | 내 맘 안 돼요,1,
TRAIN0088,train,ㄴㅁㅂㅇ,8,내 말 봐요 | 너 뭐 보여 | 너무 밝아 | 나만 봐요,1,
TRAIN0089,train,ㅇㄴㅁㅎ,12,오늘 뭐함 | 아냐 뭐 해 | 오늘 뭐 해 | 아니 뭐 해,1,
TRAIN0090,train,ㄴㅇㅁㅎ,16,나 왜 뭐 해 | 내일 뭐 해 | 너 왜 뭐 해 | 내일 뭐함,1,
TRAIN0091,train,ㅈㄱㅁㅅㅇ,3,저기 몇 시야 | 지금 뭐 사요 | 자기 몇 시야,1,
TRAIN0092,train,ㄷㅅㅁㅎㅈ,5,더 설명해줘 | 대신 말해줘 | 다 설명해줘 | 다시 말해줘,1,
TRAIN0093,train,ㅈㄲㅁ,8,저 껌만 | 자꾸만 | 잠깐만,1,
TRAIN0094,train,ㄷㅇㅇㅎㅈ,12,다음에 하죠 | 다음에 해줘 | 다음에 하자,1,
TRAIN0095,train,ㅁㅁㄹ,16,마무리 | 뭐 말래 | 목마름 | 맘마를 | 목 말라,1,
TRAIN0096,train,ㅁㅁㅅㄹ,3,뭘 마실래 | 물 마시러 | 물 마실래,1,
TRAIN0097,train,ㅅㄱㅅㅇ,5,사고 싶어 | 숨고 싶어 | 서고 싶어 | 살고 싶어 | 쉬고 싶어,1,
TRAIN0098,train,ㅇㄱㅅㅇ,8,앉고 싶어 | 알고 싶어 | 오고 싶어 | 읽고 싶어 | 입고 싶어,1,
TRAIN0099,train,ㄴㅇㅇㄱㅅㅇ,12,누워 있고 싶어 | 내 옆에 계세요 | 내 앞에 계세요,1,
TRAIN0100,train,ㄷㅇㅈ,16,다 알지 | 다 있지 | 다 오죠 | 더 있죠 | 도와줘 | 다음 주 | 들어줘,1,
TRAIN0101,train,ㅁㅈ,3,먹자 | 맞지 | 뭐지,1,
TRAIN0102,train,ㅈㅇ,5,자요 | 주워 | 지워 | 조용 | 제일,1,
TRAIN0103,train,ㅇㄴ,8,언니 | 안내 | 있나 | 없나 | 오냐 | 아니 | 안녕 | 오늘,1,
TRAIN0104,train,ㅂㅈ,12,보자 | 바지 | 부자 | 병 줘 | 빚져 | 밥 줘 | 밥 좀 | 봐줘,1,
TRAIN0105,train,ㄷㅇ,16,다음 | 동의 | 되어 | 들어 | 더워 | 도와 | 닫아,1,
TRAIN0106,train,ㅅㅇ,3,수요 | 서요 | 소요,1,
TRAIN0107,train,ㅁㅇ,5,모여 | 마요 | 무용 | 매워 | 믿어,1,
TRAIN0108,train,ㄱㅁㅇ,8,구매요 | 그 말이 | 고마워 | 그만요 | 개막일,1,
TRAIN0109,train,ㅈㄱㅅㅇ,12,조금 세요 | 제가 사요 | 저기 서요 | 자고 싶어 | 지금 사요 | 저거 사요,1,
TRAIN0110,train,ㅁㄹㅇㅍ,16,무릎 아파 | 머리 아파,1,
TRAIN0111,train,ㅂㅇㅍ,3,배 아파 | 발 아파 | 볼 아파,1,
TRAIN0112,train,ㅁㅇㅍ,5,목 아픔 | 몸 아파 | 맘 아파,1,
TRAIN0113,train,ㅇㅅㅂㄹㅈ,8,우산 빌려줘 | 의사 불러줘 | 어서 불러줘 | 우선 불러줘,1,
TRAIN0114,train,ㄱㅎㅅㅂㄹㅈ,12,간호사 불러줘 | 그 학생 불러줘 | 그 회사 불러줘,1,
TRAIN0115,train,ㅂㄲㅈ,16,불 껐지 | 불 꺼줘 | 불 끄자 | 바꿔줘,1,
TRAIN0116,train,ㅈㅁㅋㅈ,3,조명 켜죠 | 조명 켜줘 | 자막 켜줘,1,
TRAIN0117,train,ㅈㅁㄲㅈ,5,조명 끄자 | 좀만 끄자 | 조명 꺼줘 | 좀만 꺼줘 | 조명 꺼져,1,
TRAIN0118,train,ㅌㅂㅋㅈ,8,티비 키자 | 티비 켜줘 | 티비 켜자 | 티비 켜죠,1,
TRAIN0119,train,ㅁㄷㅇㅈ,12,물도 있죠 | 문 닫아줘 | 만들어줘 | 말 들어줘,1,
TRAIN0120,train,ㄴㅁㅇㄷㅇ,16,내 맘 안 돼요 | 너무 어두워 | 내 물 어디야 | 나 뭐 어딨어,1,
TRAIN0121,train,ㄴㅁㅂㅇ,3,너 뭐 보여 | 너무 밝아 | 나만 봐요,1,
TRAIN0122,train,ㅇㄴㅁㅎ,5,오늘 뭐함 | 오늘 뭐 해 | 아니 뭐 해 | 아냐 뭐 해,1,
TRAIN0123,train,ㄴㅇㅁㅎ,8,나 왜 뭐 해 | 내일 뭐 해 | 너 왜 뭐 해 | 내일 뭐함,1,
TRAIN0124,train,ㅈㄱㅁㅅㅇ,12,지금 뭐 사요 | 조금만 쉬어 | 지금 몇 시야 | 저기 몇 시야 | 자기 몇 시야,1,
TRAIN0125,train,ㄷㅅㅁㅎㅈ,16,더 설명해줘 | 다시 말해줘 | 대신 말해줘 | 다 설명해줘,1,
TRAIN0126,train,ㅈㄲㅁ,3,잠깐만 | 자꾸만 | 저 껌만,1,
TRAIN0127,train,ㄷㅇㅇㅎㅈ,5,다음에 하자 | 다음에 해줘 | 다음에 하죠,1,
TRAIN0128,train,ㅁㅁㄹ,8,맘마를 | 마무리 | 목 말라 | 뭐 말래 | 목마름,1,
TRAIN0129,train,ㅁㅁㅅㄹ,12,물 마시러 | 물 마실래 | 뭐 마실래 | 뭘 마실래,1,
TRAIN0130,train,ㅅㄱㅅㅇ,16,숨고 싶어 | 서고 싶어 | 쉬고 싶어 | 사고 싶어 | 살고 싶어,1,
TRAIN0131,train,ㅇㄱㅅㅇ,3,입고 싶어 | 오고 싶어 | 앉고 싶어,1,
TRAIN0132,train,ㄴㅇㅇㄱㅅㅇ,5,누워 있고 싶어 | 내 옆에 계세요 | 내 앞에 계세요,1,
TRAIN0133,train,ㄷㅇㅈ,8,다 있지 | 다 오죠 | 더 있죠 | 도와줘 | 다음 주 | 들어줘 | 다 알지,1,
TRAIN0134,train,ㅁㅈ,12,맞지 | 뭐지 | 먼저 | 모자 | 문제 | 만져 | 말자 | 물 줘 | 물 좀 | 맥주 | 먹자,1,
TRAIN0135,train,ㅈㅇ,16,주워 | 지워 | 조용 | 제일 | 좋아 | 줘요 | 저요 | 자요,1,
TRAIN0136,train,ㅇㄴ,3,안내 | 있나 | 없나,1,
TRAIN0137,train,ㅂㅈ,5,바지 | 부자 | 병 줘 | 빚져 | 밥 줘,1,
TRAIN0138,train,ㄷㅇ,8,동의 | 되어 | 들어 | 더워 | 도와 | 닫아 | 다음,1,
TRAIN0139,train,ㅅㅇ,12,서요 | 소요 | 세워 | 싫어 | 쉬어 | 사요 | 수요,1,
TRAIN0140,train,ㅁㅇ,16,마요 | 무용 | 매워 | 믿어 | 맞아 | 뭐야 | 미안 | 모여,1,
TRAIN0141,train,ㄱㅁㅇ,3,그 말이 | 고마워 | 그만요,1,
TRAIN0142,train,ㅈㄱㅅㅇ,5,제가 사요 | 저기 서요 | 자고 싶어 | 지금 사요 | 저거 사요,1,
TRAIN0143,train,ㅁㄹㅇㅍ,8,머리 아파 | 무릎 아파,1,
TRAIN0144,train,ㅂㅇㅍ,12,발 아파 | 볼 아파 | 배 아파,1,
TRAIN0145,train,ㅁㅇㅍ,16,몸 아파 | 맘 아파 | 목 아픔,1,
TRAIN0146,train,ㅇㅅㅂㄹㅈ,3,의사 불러줘 | 어서 불러줘 | 우선 불러줘,1,
TRAIN0147,train,ㄱㅎㅅㅂㄹㅈ,5,그 학생 불러줘 | 그 회사 불러줘 | 간호사 불러줘,1,
TRAIN0148,train,ㅂㄲㅈ,8,불 꺼줘 | 불 끄자 | 바꿔줘 | 불 껐지,1,
TRAIN0149,train,ㅈㅁㅋㅈ,12,조명 켜줘 | 자막 켜줘 | 조명 켜자 | 조명 켜죠,1,
TRAIN0150,train,ㅈㅁㄲㅈ,16,좀만 끄자 | 조명 꺼줘 | 좀만 꺼줘 | 조명 꺼져 | 조명 끄자,1,
TRAIN0151,train,ㅌㅂㅋㅈ,3,티비 켜줘 | 티비 켜자 | 티비 켜죠,1,
TRAIN0152,train,ㅁㄷㅇㅈ,5,문 닫아줘 | 만들어줘 | 말 들어줘 | 물도 있죠,1,
TRAIN0153,train,ㄴㅁㅇㄷㅇ,8,너무 어두워 | 내 물 어디야 | 나 뭐 어딨어 | 내 맘 안 돼요,1,
TRAIN0154,train,ㄴㅁㅂㅇ,12,너무 밝아 | 나만 봐요 | 내 말 봐요 | 너 뭐 보여,1,
TRAIN0155,train,ㅇㄴㅁㅎ,16,오늘 뭐 해 | 아니 뭐 해 | 아냐 뭐 해 | 오늘 뭐함,1,
TRAIN0156,train,ㄴㅇㅁㅎ,3,내일 뭐 해 | 너 왜 뭐 해 | 내일 뭐함,1,
TRAIN0157,train,ㅈㄱㅁㅅㅇ,5,조금만 쉬어 | 지금 몇 시야 | 저기 몇 시야 | 자기 몇 시야 | 지금 뭐 사요,1,
TRAIN0158,train,ㄷㅅㅁㅎㅈ,8,다시 말해줘 | 대신 말해줘 | 다 설명해줘 | 더 설명해줘,1,
TRAIN0159,train,ㅈㄲㅁ,12,자꾸만 | 저 껌만 | 잠깐만,1,
TRAIN0160,train,ㄷㅇㅇㅎㅈ,16,다음에 해줘 | 다음에 하죠 | 다음에 하자,1,
TRAIN0161,train,ㅁㅁㄹ,3,마무리 | 목 말라 | 뭐 말래,1,
TRAIN0162,train,ㅁㅁㅅㄹ,5,물 마실래 | 뭐 마실래 | 뭘 마실래 | 물 마시러,1,
TRAIN0163,train,ㅅㄱㅅㅇ,8,서고 싶어 | 쉬고 싶어 | 사고 싶어 | 살고 싶어 | 숨고 싶어,1,
TRAIN0164,train,ㅇㄱㅅㅇ,12,오고 싶어 | 앉고 싶어 | 알고 싶어 | 읽고 싶어 | 입고 싶어,1,
TRAIN0165,train,ㄴㅇㅇㄱㅅㅇ,16,내 옆에 계세요 | 내 앞에 계세요 | 누워 있고 싶어,1,
TRAIN0166,train,ㄷㅇㅈ,3,다 있지 | 들어줘 | 다 알지,1,
TRAIN0167,train,ㅁㅈ,5,물 좀 | 맥주 | 먹자 | 뭐지 | 말자,1,
TRAIN0168,train,ㅈㅇ,8,지워 | 주워 | 저요 | 자요 | 좋아 | 줘요 | 조용 | 제일,1,
TRAIN0169,train,ㅇㄴ,12,아니 | 없나 | 있나 | 언니 | 안내 | 오냐 | 오늘 | 안녕,1,
TRAIN0170,train,ㅂㅈ,16,보자 | 밥 좀 | 바지 | 밥 줘 | 빚져 | 봐줘 | 부자 | 병 줘,1,
TRAIN0171,train,ㄷㅇ,3,도와 | 더워 | 되어,1,
TRAIN0172,train,ㅅㅇ,5,사요 | 세워 | 쉬어 | 서요 | 수요,1,
TRAIN0173,train,ㅁㅇ,8,매워 | 뭐야 | 마요 | 미안 | 맞아 | 무용 | 모여 | 믿어,1,
TRAIN0174,train,ㄱㅁㅇ,12,그 말이 | 개막일 | 고마워 | 구매요 | 그만요,1,
TRAIN0175,train,ㅈㄱㅅㅇ,16,저기 서요 | 저거 사요 | 제가 사요 | 지금 사요 | 조금 세요 | 자고 싶어,1,
TRAIN0176,train,ㅁㄹㅇㅍ,3,머리 아파 | 무릎 아파,1,
TRAIN0177,train,ㅂㅇㅍ,5,볼 아파 | 배 아파 | 발 아파,1,
TRAIN0178,train,ㅁㅇㅍ,8,맘 아파 | 몸 아파 | 목 아픔,1,
TRAIN0179,train,ㅇㅅㅂㄹㅈ,12,의사 불러줘 | 어서 불러줘 | 우산 빌려줘 | 우선 불러줘,1,
TRAIN0180,train,ㄱㅎㅅㅂㄹㅈ,16,그 학생 불러줘 | 간호사 불러줘 | 그 회사 불러줘,1,
TRAIN0181,train,ㅂㄲㅈ,3,불 끄자 | 바꿔줘 | 불 껐지,1,
TRAIN0182,train,ㅈㅁㅋㅈ,5,자막 켜줘 | 조명 켜줘 | 조명 켜자 | 조명 켜죠,1,
TRAIN0183,train,ㅈㅁㄲㅈ,8,조명 꺼져 | 조명 꺼줘 | 좀만 꺼줘 | 조명 끄자 | 좀만 끄자,1,
TRAIN0184,train,ㅌㅂㅋㅈ,12,티비 켜죠 | 티비 켜줘 | 티비 키자 | 티비 켜자,1,
TRAIN0185,train,ㅁㄷㅇㅈ,16,물도 있죠 | 만들어줘 | 문 닫아줘 | 말 들어줘,1,
TRAIN0186,train,ㄴㅁㅇㄷㅇ,3,내 맘 안 돼요 | 너무 어두워 | 내 물 어디야,1,
TRAIN0187,train,ㄴㅁㅂㅇ,5,내 말 봐요 | 너무 밝아 | 너 뭐 보여 | 나만 봐요,1,
TRAIN0188,train,ㅇㄴㅁㅎ,8,오늘 뭐함 | 아니 뭐 해 | 오늘 뭐 해 | 아냐 뭐 해,1,
TRAIN0189,train,ㄴㅇㅁㅎ,12,나 왜 뭐 해 | 너 왜 뭐 해 | 내일 뭐함 | 내일 뭐 해,1,
TRAIN0190,train,ㅈㄱㅁㅅㅇ,16,저기 몇 시야 | 지금 몇 시야 | 조금만 쉬어 | 자기 몇 시야 | 지금 뭐 사요,1,
TRAIN0191,train,ㄷㅅㅁㅎㅈ,3,다시 말해줘 | 더 설명해줘 | 대신 말해줘,1,
TRAIN0192,train,ㅈㄲㅁ,5,자꾸만 | 저 껌만 | 잠깐만,1,
TRAIN0193,train,ㄷㅇㅇㅎㅈ,8,다음에 해줘 | 다음에 하자 | 다음에 하죠,1,
TRAIN0194,train,ㅁㅁㄹ,12,목 말라 | 목마름 | 뭐 말래 | 맘마를 | 마무리,1,
TRAIN0195,train,ㅁㅁㅅㄹ,16,뭐 마실래 | 물 마실래 | 뭘 마실래 | 물 마시러,1,
TRAIN0196,train,ㅅㄱㅅㅇ,3,숨고 싶어 | 서고 싶어 | 쉬고 싶어,1,
TRAIN0197,train,ㅇㄱㅅㅇ,5,읽고 싶어 | 입고 싶어 | 알고 싶어 | 앉고 싶어 | 오고 싶어,1,
TRAIN0198,train,ㄴㅇㅇㄱㅅㅇ,8,누워 있고 싶어 | 내 앞에 계세요 | 내 옆에 계세요,1,
TRAIN0199,train,ㄷㅇㅈ,12,더 있죠 | 도와줘 | 다음 주 | 들어줘 | 다 알지 | 다 있지 | 다 오죠,1,
TRAIN0200,train,ㅁㅈ,16,먼저 | 모자 | 문제 | 만져 | 말자 | 물 줘 | 물 좀 | 맥주 | 먹자 | 맞지 | 뭐지,1,
TRAIN0201,train,ㅈㅇ,3,조용 | 제일 | 좋아,1,
TRAIN0202,train,ㅇㄴ,5,없나 | 오냐 | 아니 | 안녕 | 오늘,1,
TRAIN0203,train,ㅂㅈ,8,병 줘 | 빚져 | 밥 줘 | 밥 좀 | 봐줘 | 보자 | 바지 | 부자,1,
TRAIN0204,train,ㄷㅇ,12,들어 | 더워 | 도와 | 닫아 | 다음 | 동의 | 되어,1,
TRAIN0205,train,ㅅㅇ,16,세워 | 싫어 | 쉬어 | 사요 | 수요 | 서요 | 소요,1,
TRAIN0206,train,ㅁㅇ,3,매워 | 믿어 | 맞아,1,
TRAIN0207,train,ㄱㅁㅇ,5,그만요 | 개막일 | 구매요 | 그 말이 | 고마워,1,
TRAIN0208,train,ㅈㄱㅅㅇ,8,자고 싶어 | 지금 사요 | 저거 사요 | 조금 세요 | 제가 사요 | 저기 서요,1,
TRAIN0209,train,ㅁㄹㅇㅍ,12,머리 아파 | 무릎 아파,1,
TRAIN0210,train,ㅂㅇㅍ,16,배 아파 | 발 아파 | 볼 아파,1,
TRAIN0211,train,ㅁㅇㅍ,3,목 아픔 | 몸 아파 | 맘 아파,1,
TRAIN0212,train,ㅇㅅㅂㄹㅈ,5,우선 불러줘 | 우산 빌려줘 | 의사 불러줘 | 어서 불러줘,1,
TRAIN0213,train,ㄱㅎㅅㅂㄹㅈ,8,간호사 불러줘 | 그 학생 불러줘 | 그 회사 불러줘,1,
TRAIN0214,train,ㅂㄲㅈ,12,바꿔줘 | 불 껐지 | 불 꺼줘 | 불 끄자,1,
TRAIN0215,train,ㅈㅁㅋㅈ,16,조명 켜자 | 조명 켜죠 | 조명 켜줘 | 자막 켜줘,1,
TRAIN0216,train,ㅈㅁㄲㅈ,3,좀만 꺼줘 | 조명 꺼져 | 조명 끄자,1,
TRAIN0217,train,ㅌㅂㅋㅈ,5,티비 켜죠 | 티비 키자 | 티비 켜줘 | 티비 켜자,1,
TRAIN0218,train,ㅁㄷㅇㅈ,8,말 들어줘 | 물도 있죠 | 문 닫아줘 | 만들어줘,1,
TRAIN0219,train,ㄴㅁㅇㄷㅇ,12,나 뭐 어딨어 | 내 맘 안 돼요 | 너무 어두워 | 내 물 어디야,1,
TRAIN0220,train,ㄴㅁㅂㅇ,16,내 말 봐요 | 너 뭐 보여 | 너무 밝아 | 나만 봐요,1,
TRAIN0221,train,ㅇㄴㅁㅎ,3,아냐 뭐 해 | 오늘 뭐함 | 오늘 뭐 해,1,
TRAIN0222,train,ㄴㅇㅁㅎ,5,내일 뭐함 | 나 왜 뭐 해 | 내일 뭐 해 | 너 왜 뭐 해,1,
TRAIN0223,train,ㅈㄱㅁㅅㅇ,8,저기 몇 시야 | 자기 몇 시야 | 지금 뭐 사요 | 조금만 쉬어 | 지금 몇 시야,1,
TRAIN0224,train,ㄷㅅㅁㅎㅈ,12,다 설명해줘 | 더 설명해줘 | 다시 말해줘 | 대신 말해줘,1,
TRAIN0225,train,ㅈㄲㅁ,16,잠깐만 | 자꾸만 | 저 껌만,1,
TRAIN0226,train,ㄷㅇㅇㅎㅈ,3,다음에 하자 | 다음에 해줘 | 다음에 하죠,1,
TRAIN0227,train,ㅁㅁㄹ,5,뭐 말래 | 목마름 | 맘마를 | 마무리 | 목 말라,1,
TRAIN0228,train,ㅁㅁㅅㄹ,8,뭘 마실래 | 물 마시러 | 물 마실래 | 뭐 마실래,1,
TRAIN0229,train,ㅅㄱㅅㅇ,12,사고 싶어 | 살고 싶어 | 숨고 싶어 | 서고 싶어 | 쉬고 싶어,1,
TRAIN0230,train,ㅇㄱㅅㅇ,16,알고 싶어 | 읽고 싶어 | 입고 싶어 | 오고 싶어 | 앉고 싶어,1,
TRAIN0231,train,ㄴㅇㅇㄱㅅㅇ,3,누워 있고 싶어 | 내 옆에 계세요 | 내 앞에 계세요,1,
TRAIN0232,train,ㄷㅇㅈ,5,도와줘 | 다음 주 | 들어줘 | 다 알지 | 다 있지,1,
TRAIN0233,train,ㅁㅈ,8,모자 | 문제 | 만져 | 말자 | 물 줘 | 물 좀 | 맥주 | 먹자,1,
TRAIN0234,train,ㅈㅇ,12,제일 | 좋아 | 줘요 | 저요 | 자요 | 주워 | 지워 | 조용,1,
TRAIN0235,train,ㅇㄴ,16,오냐 | 아니 | 안녕 | 오늘 | 언니 | 안내 | 있나 | 없나,1,
TRAIN0236,train,ㅂㅈ,3,빚져 | 밥 줘 | 밥 좀,1,
TRAIN0237,train,ㄷㅇ,5,더워 | 도와 | 닫아 | 다음 | 동의,1,
TRAIN0238,train,ㅅㅇ,8,싫어 | 쉬어 | 사요 | 수요 | 서요 | 소요 | 세워,1,
TRAIN0239,train,ㅁㅇ,12,믿어 | 맞아 | 뭐야 | 미안 | 모여 | 마요 | 무용 | 매워,1,
TRAIN0240,train,ㄱㅁㅇ,16,개막일 | 구매요 | 그 말이 | 고마워 | 그만요,1,
TRAIN0241,train,ㅈㄱㅅㅇ,3,지금 사요 | 저거 사요 | 조금 세요,1,
TRAIN0242,train,ㅁㄹㅇㅍ,5,무릎 아파 | 머리 아파,1,
TRAIN0243,train,ㅂㅇㅍ,8,발 아파 | 볼 아파 | 배 아파,1,
TRAIN0244,train,ㅁㅇㅍ,12,몸 아파 | 맘 아파 | 목 아픔,1,
TRAIN0245,train,ㅇㅅㅂㄹㅈ,16,우산 빌려줘 | 의사 불러줘 | 어서 불러줘 | 우선 불러줘,1,
TRAIN0246,train,ㄱㅎㅅㅂㄹㅈ,3,그 학생 불러줘 | 그 회사 불러줘 | 간호사 불러줘,1,
TRAIN0247,train,ㅂㄲㅈ,5,불 껐지 | 불 꺼줘 | 불 끄자 | 바꿔줘,1,
TRAIN0248,train,ㅈㅁㅋㅈ,8,조명 켜죠 | 조명 켜줘 | 자막 켜줘 | 조명 켜자,1,
TRAIN0249,train,ㅈㅁㄲㅈ,12,조명 꺼져 | 조명 끄자 | 좀만 끄자 | 조명 꺼줘 | 좀만 꺼줘,1,
TRAIN0250,train,ㅌㅂㅋㅈ,16,티비 키자 | 티비 켜줘 | 티비 켜자 | 티비 켜죠,1,
TRAIN0251,train,ㅁㄷㅇㅈ,3,물도 있죠 | 문 닫아줘 | 만들어줘,1,
TRAIN0252,train,ㄴㅁㅇㄷㅇ,5,내 맘 안 돼요 | 너무 어두워 | 내 물 어디야 | 나 뭐 어딨어,1,
TRAIN0253,train,ㄴㅁㅂㅇ,8,너 뭐 보여 | 너무 밝아 | 나만 봐요 | 내 말 봐요,1,
TRAIN0254,train,ㅇㄴㅁㅎ,12,오늘 뭐함 | 오늘 뭐 해 | 아니 뭐 해 | 아냐 뭐 해,1,
TRAIN0255,train,ㄴㅇㅁㅎ,16,나 왜 뭐 해 | 내일 뭐 해 | 너 왜 뭐 해 | 내일 뭐함,1,
TRAIN0256,train,ㅈㄱㅁㅅㅇ,3,자기 몇 시야 | 지금 뭐 사요 | 조금만 쉬어,1,
TRAIN0257,train,ㄷㅅㅁㅎㅈ,5,더 설명해줘 | 다시 말해줘 | 대신 말해줘 | 다 설명해줘,1,
TRAIN0258,train,ㅈㄲㅁ,8,자꾸만 | 저 껌만 | 잠깐만,1,
TRAIN0259,train,ㄷㅇㅇㅎㅈ,12,다음에 해줘 | 다음에 하죠 | 다음에 하자,1,
TRAIN0260,train,ㅁㅁㄹ,16,목마름 | 맘마를 | 마무리 | 목 말라 | 뭐 말래,1,
TRAIN0261,train,ㅁㅁㅅㄹ,3,물 마시러 | 물 마실래 | 뭐 마실래,1,
TRAIN0262,train,ㅅㄱㅅㅇ,5,살고 싶어 | 숨고 싶어 | 서고 싶어 | 쉬고 싶어 | 사고 싶어,1,
TRAIN0263,train,ㅇㄱㅅㅇ,8,읽고 싶어 | 입고 싶어 | 오고 싶어 | 앉고 싶어 | 알고 싶어,1,
TRAIN0264,train,ㄴㅇㅇㄱㅅㅇ,12,내 옆에 계세요 | 내 앞에 계세요 | 누워 있고 싶어,1,
TRAIN0265,train,ㄷㅇㅈ,16,다 있지 | 다 오죠 | 다음 주 | 들어줘 | 도와줘 | 다 알지 | 더 있죠,1,
TRAIN0266,train,ㅁㅈ,3,뭐지 | 먹자 | 말자,1,
TRAIN0267,train,ㅈㅇ,5,좋아 | 지워 | 조용 | 주워 | 줘요,1,
TRAIN0268,train,ㅇㄴ,8,언니 | 오늘 | 오냐 | 있나 | 아니 | 없나 | 안내 | 안녕,1,
TRAIN0269,train,ㅂㅈ,12,바지 | 봐줘 | 밥 줘 | 빚져 | 보자 | 부자 | 병 줘 | 밥 좀,1,
TRAIN0270,train,ㄷㅇ,16,더워 | 닫아 | 되어 | 도와 | 동의 | 다음 | 들어,1,
TRAIN0271,train,ㅅㅇ,3,수요 | 싫어 | 사요,1,
TRAIN0272,train,ㅁㅇ,5,믿어 | 뭐야 | 마요 | 매워 | 무용,1,
TRAIN0273,train,ㄱㅁㅇ,8,개막일 | 구매요 | 그 말이 | 고마워 | 그만요,1,
TRAIN0274,train,ㅈㄱㅅㅇ,12,지금 사요 | 자고 싶어 | 저거 사요 | 저기 서요 | 조금 세요 | 제가 사요,1,
TRAIN0275,train,ㅁㄹㅇㅍ,16,머리 아파 | 무릎 아파,1,
TRAIN0276,train,ㅂㅇㅍ,3,배 아파 | 발 아파 | 볼 아파,1,
TRAIN0277,train,ㅁㅇㅍ,5,목 아픔 | 맘 아파 | 몸 아파,1,
TRAIN0278,train,ㅇㅅㅂㄹㅈ,8,우선 불러줘 | 우산 빌려줘 | 의사 불러줘 | 어서 불러줘,1,
TRAIN0279,train,ㄱㅎㅅㅂㄹㅈ,12,그 학생 불러줘 | 그 회사 불러줘 | 간호사 불러줘,1,
TRAIN0280,train,ㅂㄲㅈ,16,불 꺼줘 | 불 껐지 | 불 끄자 | 바꿔줘,1,
TRAIN0281,train,ㅈㅁㅋㅈ,3,조명 켜죠 | 조명 켜자 | 자막 켜줘,1,
TRAIN0282,train,ㅈㅁㄲㅈ,5,좀만 꺼줘 | 좀만 끄자 | 조명 끄자 | 조명 꺼져 | 조명 꺼줘,1,
TRAIN0283,train,ㅌㅂㅋㅈ,8,티비 켜죠 | 티비 키자 | 티비 켜줘 | 티비 켜자,1,
TRAIN0284,train,ㅁㄷㅇㅈ,12,만들어줘 | 문 닫아줘 | 말 들어줘 | 물도 있죠,1,
TRAIN0285,train,ㄴㅁㅇㄷㅇ,16,나 뭐 어딨어 | 내 맘 안 돼요 | 너무 어두워 | 내 물 어디야,1,
TRAIN0286,train,ㄴㅁㅂㅇ,3,나만 봐요 | 내 말 봐요 | 너무 밝아,1,
TRAIN0287,train,ㅇㄴㅁㅎ,5,오늘 뭐함 | 오늘 뭐 해 | 아니 뭐 해 | 아냐 뭐 해,1,
TRAIN0288,train,ㄴㅇㅁㅎ,8,내일 뭐함 | 나 왜 뭐 해 | 내일 뭐 해 | 너 왜 뭐 해,1,
TRAIN0289,train,ㅈㄱㅁㅅㅇ,12,지금 뭐 사요 | 지금 몇 시야 | 조금만 쉬어 | 저기 몇 시야 | 자기 몇 시야,1,
TRAIN0290,train,ㄷㅅㅁㅎㅈ,16,다시 말해줘 | 더 설명해줘 | 대신 말해줘 | 다 설명해줘,1,
TRAIN0291,train,ㅈㄲㅁ,3,자꾸만 | 잠깐만 | 저 껌만,1,
TRAIN0292,train,ㄷㅇㅇㅎㅈ,5,다음에 하죠 | 다음에 해줘 | 다음에 하자,1,
TRAIN0293,train,ㅁㅁㄹ,8,목마름 | 뭐 말래 | 목 말라 | 마무리 | 맘마를,1,
TRAIN0294,train,ㅁㅁㅅㄹ,12,뭐 마실래 | 물 마시러 | 물 마실래 | 뭘 마실래,1,
TRAIN0295,train,ㅅㄱㅅㅇ,16,쉬고 싶어 | 숨고 싶어 | 서고 싶어 | 살고 싶어 | 사고 싶어,1,
TRAIN0296,train,ㅇㄱㅅㅇ,3,앉고 싶어 | 오고 싶어 | 알고 싶어,1,
TRAIN0297,train,ㄴㅇㅇㄱㅅㅇ,5,내 옆에 계세요 | 내 앞에 계세요 | 누워 있고 싶어,1,
TRAIN0298,train,ㄷㅇㅈ,8,들어줘 | 다 알지 | 다 있지 | 다 오죠 | 더 있죠 | 도와줘 | 다음 주,1,
TRAIN0299,train,ㅁㅈ,12,만져 | 말자 | 물 줘 | 물 좀 | 맥주 | 먹자 | 맞지 | 뭐지 | 먼저 | 모자 | 문제,1,
TRAIN0300,train,ㅈㅇ,16,줘요 | 저요 | 자요 | 주워 | 지워 | 조용 | 제일 | 좋아,1,
TRAIN0301,train,ㅇㄴ,3,안녕 | 오늘 | 언니,1,
TRAIN0302,train,ㅂㅈ,5,밥 좀 | 봐줘 | 보자 | 바지 | 부자,1,
TRAIN0303,train,ㄷㅇ,8,닫아 | 다음 | 동의 | 되어 | 들어 | 더워 | 도와,1,
TRAIN0304,train,ㅅㅇ,12,사요 | 수요 | 서요 | 소요 | 세워 | 싫어 | 쉬어,1,
TRAIN0305,train,ㅁㅇ,16,뭐야 | 미안 | 모여 | 마요 | 무용 | 매워 | 믿어 | 맞아,1,
TRAIN0306,train,ㄱㅁㅇ,3,그 말이 | 고마워 | 그만요,1,
TRAIN0307,train,ㅈㄱㅅㅇ,5,조금 세요 | 제가 사요 | 저기 서요 | 자고 싶어 | 지금 사요,1,
TRAIN0308,train,ㅁㄹㅇㅍ,8,무릎 아파 | 머리 아파,1,
TRAIN0309,train,ㅂㅇㅍ,12,배 아파 | 발 아파 | 볼 아파,1,
TRAIN0310,train,ㅁㅇㅍ,16,목 아픔 | 몸 아파 | 맘 아파,1,
TRAIN0311,train,ㅇㅅㅂㄹㅈ,3,어서 불러줘 | 우선 불러줘 | 우산 빌려줘,1,
TRAIN0312,train,ㄱㅎㅅㅂㄹㅈ,5,간호사 불러줘 | 그 학생 불러줘 | 그 회사 불러줘,1,
TRAIN0313,train,ㅂㄲㅈ,8,불 끄자 | 바꿔줘 | 불 껐지 | 불 꺼줘,1,
TRAIN0314,train,ㅈㅁㅋㅈ,12,자막 켜줘 | 조명 켜자 | 조명 켜죠 | 조명 켜줘,1,
TRAIN0315,train,ㅈㅁㄲㅈ,16,좀만 끄자 | 조명 꺼줘 | 좀만 꺼줘 | 조명 꺼져 | 조명 끄자,1,
TRAIN0316,train,ㅌㅂㅋㅈ,3,티비 켜자 | 티비 켜죠 | 티비 키자,1,
TRAIN0317,train,ㅁㄷㅇㅈ,5,만들어줘 | 말 들어줘 | 물도 있죠 | 문 닫아줘,1,
TRAIN0318,train,ㄴㅁㅇㄷㅇ,8,내 물 어디야 | 나 뭐 어딨어 | 내 맘 안 돼요 | 너무 어두워,1,
TRAIN0319,train,ㄴㅁㅂㅇ,12,나만 봐요 | 내 말 봐요 | 너 뭐 보여 | 너무 밝아,1,
TRAIN0320,train,ㅇㄴㅁㅎ,16,아니 뭐 해 | 아냐 뭐 해 | 오늘 뭐함 | 오늘 뭐 해,1,
TRAIN0321,train,ㄴㅇㅁㅎ,3,너 왜 뭐 해 | 내일 뭐함 | 나 왜 뭐 해,1,
TRAIN0322,train,ㅈㄱㅁㅅㅇ,5,조금만 쉬어 | 지금 몇 시야 | 저기 몇 시야 | 자기 몇 시야 | 지금 뭐 사요,1,
TRAIN0323,train,ㄷㅅㅁㅎㅈ,8,대신 말해줘 | 다 설명해줘 | 더 설명해줘 | 다시 말해줘,1,
TRAIN0324,train,ㅈㄲㅁ,12,잠깐만 | 자꾸만 | 저 껌만,1,
TRAIN0325,train,ㄷㅇㅇㅎㅈ,16,다음에 하자 | 다음에 해줘 | 다음에 하죠,1,
TRAIN0326,train,ㅁㅁㄹ,3,마무리 | 목 말라 | 뭐 말래,1,
TRAIN0327,train,ㅁㅁㅅㄹ,5,뭐 마실래 | 뭘 마실래 | 물 마시러 | 물 마실래,1,
TRAIN0328,train,ㅅㄱㅅㅇ,8,서고 싶어 | 쉬고 싶어 | 사고 싶어 | 살고 싶어 | 숨고 싶어,1,
TRAIN0329,train,ㅇㄱㅅㅇ,12,오고 싶어 | 앉고 싶어 | 알고 싶어 | 읽고 싶어 | 입고 싶어,1,
TRAIN0330,train,ㄴㅇㅇㄱㅅㅇ,16,누워 있고 싶어 | 내 옆에 계세요 | 내 앞에 계세요,1,
TRAIN0331,train,ㄷㅇㅈ,3,다 알지 | 다 있지 | 다 오죠,1,
TRAIN0332,train,ㅁㅈ,5,말자 | 물 줘 | 물 좀 | 맥주 | 먹자,1,
TRAIN0333,train,ㅈㅇ,8,저요 | 자요 | 주워 | 지워 | 조용 | 제일 | 좋아 | 줘요,1,
TRAIN0334,train,ㅇㄴ,12,오늘 | 언니 | 안내 | 있나 | 없나 | 오냐 | 아니 | 안녕,1,
TRAIN0335,train,ㅂㅈ,16,봐줘 | 보자 | 바지 | 부자 | 병 줘 | 빚져 | 밥 줘 | 밥 좀,1,
TRAIN0336,train,ㄷㅇ,3,다음 | 동의 | 되어,1,
TRAIN0337,train,ㅅㅇ,5,수요 | 서요 | 소요 | 세워 | 싫어,1,
TRAIN0338,train,ㅁㅇ,8,미안 | 모여 | 마요 | 무용 | 매워 | 믿어 | 맞아 | 뭐야,1,
TRAIN0339,train,ㄱㅁㅇ,12,고마워 | 그만요 | 개막일 | 구매요 | 그 말이,1,
TRAIN0340,train,ㅈㄱㅅㅇ,16,제가 사요 | 저기 서요 | 자고 싶어 | 지금 사요 | 저거 사요 | 조금 세요,1,
TRAIN0341,train,ㅁㄹㅇㅍ,3,머리 아파 | 무릎 아파,1,
TRAIN0342,train,ㅂㅇㅍ,5,발 아파 | 볼 아파 | 배 아파,1,
TRAIN0343,train,ㅁㅇㅍ,8,몸 아파 | 맘 아파 | 목 아픔,1,
TRAIN0344,train,ㅇㅅㅂㄹㅈ,12,우선 불러줘 | 우산 빌려줘 | 의사 불러줘 | 어서 불러줘,1,
TRAIN0345,train,ㄱㅎㅅㅂㄹㅈ,16,그 학생 불러줘 | 그 회사 불러줘 | 간호사 불러줘,1,
TRAIN0346,train,ㅂㄲㅈ,3,바꿔줘 | 불 껐지 | 불 꺼줘,1,
TRAIN0347,train,ㅈㅁㅋㅈ,5,조명 켜자 | 조명 켜죠 | 조명 켜줘 | 자막 켜줘,1,
TRAIN0348,train,ㅈㅁㄲㅈ,8,조명 꺼줘 | 좀만 꺼줘 | 조명 꺼져 | 조명 끄자 | 좀만 끄자,1,
TRAIN0349,train,ㅌㅂㅋㅈ,12,티비 켜죠 | 티비 키자 | 티비 켜줘 | 티비 켜자,1,
TRAIN0350,train,ㅁㄷㅇㅈ,16,말 들어줘 | 물도 있죠 | 문 닫아줘 | 만들어줘,1,
TRAIN0351,train,ㄴㅁㅇㄷㅇ,3,나 뭐 어딨어 | 내 맘 안 돼요 | 너무 어두워,1,
TRAIN0352,train,ㄴㅁㅂㅇ,5,내 말 봐요 | 너 뭐 보여 | 너무 밝아 | 나만 봐요,1,
TRAIN0353,train,ㅇㄴㅁㅎ,8,아냐 뭐 해 | 오늘 뭐함 | 오늘 뭐 해 | 아니 뭐 해,1,
TRAIN0354,train,ㄴㅇㅁㅎ,12,내일 뭐함 | 나 왜 뭐 해 | 내일 뭐 해 | 너 왜 뭐 해,1,
TRAIN0355,train,ㅈㄱㅁㅅㅇ,16,지금 몇 시야 | 저기 몇 시야 | 자기 몇 시야 | 지금 뭐 사요 | 조금만 쉬어,1,
TRAIN0356,train,ㄷㅅㅁㅎㅈ,3,다 설명해줘 | 더 설명해줘 | 다시 말해줘,1,
TRAIN0357,train,ㅈㄲㅁ,5,자꾸만 | 저 껌만 | 잠깐만,1,
TRAIN0358,train,ㄷㅇㅇㅎㅈ,8,다음에 해줘 | 다음에 하죠 | 다음에 하자,1,
TRAIN0359,train,ㅁㅁㄹ,12,목 말라 | 뭐 말래 | 목마름 | 맘마를 | 마무리,1,
TRAIN0360,train,ㅁㅁㅅㄹ,16,뭘 마실래 | 물 마시러 | 물 마실래 | 뭐 마실래,1,
TRAIN0361,train,ㅅㄱㅅㅇ,3,쉬고 싶어 | 사고 싶어 | 살고 싶어,1,
TRAIN0362,train,ㅇㄱㅅㅇ,5,앉고 싶어 | 알고 싶어 | 읽고 싶어 | 입고 싶어 | 오고 싶어,1,
TRAIN0363,train,ㄴㅇㅇㄱㅅㅇ,8,내 옆에 계세요 | 내 앞에 계세요 | 누워 있고 싶어,1,
TRAIN0364,train,ㄷㅇㅈ,12,다음 주 | 다 오죠 | 더 있죠 | 도와줘 | 다 알지 | 들어줘 | 다 있지,1,
TRAIN0365,train,ㅁㅈ,16,물 좀 | 물 줘 | 말자 | 맞지 | 문제 | 맥주 | 먹자 | 모자 | 만져 | 뭐지 | 먼저,1,
TRAIN0366,train,ㅈㅇ,3,조용 | 줘요 | 지워,1,
TRAIN0367,train,ㅇㄴ,5,있나 | 없나 | 오냐 | 오늘 | 안내,1,
TRAIN0368,train,ㅂㅈ,8,바지 | 봐줘 | 부자 | 빚져 | 보자 | 병 줘 | 밥 좀 | 밥 줘,1,
TRAIN0369,train,ㄷㅇ,12,닫아 | 다음 | 동의 | 들어 | 도와 | 더워 | 되어,1,
TRAIN0370,train,ㅅㅇ,16,소요 | 사요 | 서요 | 수요 | 세워 | 쉬어 | 싫어,1,
TRAIN0371,train,ㅁㅇ,3,매워 | 모여 | 뭐야,1,
TRAIN0372,train,ㄱㅁㅇ,5,구매요 | 개막일 | 고마워 | 그 말이 | 그만요,1,
TRAIN0373,train,ㅈㄱㅅㅇ,8,지금 사요 | 제가 사요 | 조금 세요 | 자고 싶어 | 저기 서요 | 저거 사요,1,
TRAIN0374,train,ㅁㄹㅇㅍ,12,무릎 아파 | 머리 아파,1,
TRAIN0375,train,ㅂㅇㅍ,16,볼 아파 | 발 아파 | 배 아파,1,
TRAIN0376,train,ㅁㅇㅍ,3,맘 아파 | 목 아픔 | 몸 아파,1,
TRAIN0377,train,ㅇㅅㅂㄹㅈ,5,어서 불러줘 | 우산 빌려줘 | 우선 불러줘 | 의사 불러줘,1,
TRAIN0378,train,ㄱㅎㅅㅂㄹㅈ,8,간호사 불러줘 | 그 회사 불러줘 | 그 학생 불러줘,1,
TRAIN0379,train,ㅂㄲㅈ,12,불 꺼줘 | 바꿔줘 | 불 끄자 | 불 껐지,1,
TRAIN0380,train,ㅈㅁㅋㅈ,16,조명 켜줘 | 조명 켜자 | 조명 켜죠 | 자막 켜줘,1,
TRAIN0381,train,ㅈㅁㄲㅈ,3,조명 꺼져 | 좀만 꺼줘 | 좀만 끄자,1,
TRAIN0382,train,ㅌㅂㅋㅈ,5,티비 켜줘 | 티비 키자 | 티비 켜죠 | 티비 켜자,1,
TRAIN0383,train,ㅁㄷㅇㅈ,8,말 들어줘 | 문 닫아줘 | 물도 있죠 | 만들어줘,1,
TRAIN0384,train,ㄴㅁㅇㄷㅇ,12,내 맘 안 돼요 | 나 뭐 어딨어 | 내 물 어디야 | 너무 어두워,1,
TRAIN0385,train,ㄴㅁㅂㅇ,16,너무 밝아 | 내 말 봐요 | 나만 봐요 | 너 뭐 보여,1,
TRAIN0386,train,ㅇㄴㅁㅎ,3,아냐 뭐 해 | 아니 뭐 해 | 오늘 뭐 해,1,
TRAIN0387,train,ㄴㅇㅁㅎ,5,나 왜 뭐 해 | 내일 뭐 해 | 내일 뭐함 | 너 왜 뭐 해,1,
TRAIN0388,train,ㅈㄱㅁㅅㅇ,8,지금 뭐 사요 | 조금만 쉬어 | 자기 몇 시야 | 저기 몇 시야 | 지금 몇 시야,1,
TRAIN0389,train,ㄷㅅㅁㅎㅈ,12,다시 말해줘 | 다 설명해줘 | 대신 말해줘 | 더 설명해줘,1,
TRAIN0390,train,ㅈㄲㅁ,16,자꾸만 | 잠깐만 | 저 껌만,1,
TRAIN0391,train,ㄷㅇㅇㅎㅈ,3,다음에 하자 | 다음에 해줘 | 다음에 하죠,1,
TRAIN0392,train,ㅁㅁㄹ,5,목 말라 | 맘마를 | 목마름 | 마무리 | 뭐 말래,1,
TRAIN0393,train,ㅁㅁㅅㄹ,8,물 마실래 | 뭐 마실래 | 뭘 마실래 | 물 마시러,1,
TRAIN0394,train,ㅅㄱㅅㅇ,12,쉬고 싶어 | 숨고 싶어 | 사고 싶어 | 서고 싶어 | 살고 싶어,1,
TRAIN0395,train,ㅇㄱㅅㅇ,16,앉고 싶어 | 읽고 싶어 | 오고 싶어 | 알고 싶어 | 입고 싶어,1,
TRAIN0396,train,ㄴㅇㅇㄱㅅㅇ,3,누워 있고 싶어 | 내 옆에 계세요 | 내 앞에 계세요,1,
TRAIN0397,train,ㄷㅇㅈ,5,다 오죠 | 더 있죠 | 도와줘 | 다음 주 | 들어줘,1,
TRAIN0398,train,ㅁㅈ,8,물 좀 | 맥주 | 먹자 | 맞지 | 뭐지 | 먼저 | 모자 | 문제,1,
TRAIN0399,train,ㅈㅇ,12,주워 | 지워 | 조용 | 제일 | 좋아 | 줘요 | 저요 | 자요,1,
TRAIN0400,train,ㅇㄴ,16,안내 | 있나 | 없나 | 오냐 | 아니 | 안녕 | 오늘 | 언니,1,
TRAIN0401,train,ㅂㅈ,3,바지 | 부자 | 병 줘,1,
TRAIN0402,train,ㄷㅇ,5,되어 | 들어 | 더워 | 도와 | 닫아,1,
TRAIN0403,train,ㅅㅇ,8,소요 | 세워 | 싫어 | 쉬어 | 사요 | 수요 | 서요,1,
TRAIN0404,train,ㅁㅇ,12,마요 | 무용 | 매워 | 믿어 | 맞아 | 뭐야 | 미안 | 모여,1,
TRAIN0405,train,ㄱㅁㅇ,16,개막일 | 구매요 | 그 말이 | 고마워 | 그만요,1,
TRAIN0406,train,ㅈㄱㅅㅇ,3,자고 싶어 | 지금 사요 | 저거 사요,1,
TRAIN0407,train,ㅁㄹㅇㅍ,5,머리 아파 | 무릎 아파,1,
TRAIN0408,train,ㅂㅇㅍ,8,배 아파 | 발 아파 | 볼 아파,1,
TRAIN0409,train,ㅁㅇㅍ,12,목 아픔 | 몸 아파 | 맘 아파,1,
TRAIN0410,train,ㅇㅅㅂㄹㅈ,16,의사 불러줘 | 어서 불러줘 | 우선 불러줘 | 우산 빌려줘,1,
TRAIN0411,train,ㄱㅎㅅㅂㄹㅈ,3,간호사 불러줘 | 그 학생 불러줘 | 그 회사 불러줘,1,
TRAIN0412,train,ㅂㄲㅈ,5,불 꺼줘 | 불 끄자 | 바꿔줘 | 불 껐지,1,
TRAIN0413,train,ㅈㅁㅋㅈ,8,조명 켜줘 | 자막 켜줘 | 조명 켜자 | 조명 켜죠,1,
TRAIN0414,train,ㅈㅁㄲㅈ,12,조명 꺼져 | 조명 끄자 | 좀만 끄자 | 조명 꺼줘 | 좀만 꺼줘,1,
TRAIN0415,train,ㅌㅂㅋㅈ,16,티비 켜줘 | 티비 켜자 | 티비 켜죠 | 티비 키자,1,
TRAIN0416,train,ㅁㄷㅇㅈ,3,문 닫아줘 | 만들어줘 | 말 들어줘,1,
TRAIN0417,train,ㄴㅁㅇㄷㅇ,5,너무 어두워 | 내 물 어디야 | 나 뭐 어딨어 | 내 맘 안 돼요,1,
TRAIN0418,train,ㄴㅁㅂㅇ,8,너무 밝아 | 나만 봐요 | 내 말 봐요 | 너 뭐 보여,1,
TRAIN0419,train,ㅇㄴㅁㅎ,12,오늘 뭐 해 | 아니 뭐 해 | 아냐 뭐 해 | 오늘 뭐함,1,
TRAIN0420,train,ㄴㅇㅁㅎ,16,내일 뭐 해 | 너 왜 뭐 해 | 내일 뭐함 | 나 왜 뭐 해,1,
TRAIN0421,train,ㅈㄱㅁㅅㅇ,3,자기 몇 시야 | 지금 뭐 사요 | 조금만 쉬어,1,
TRAIN0422,train,ㄷㅅㅁㅎㅈ,5,다시 말해줘 | 대신 말해줘 | 다 설명해줘 | 더 설명해줘,1,
TRAIN0423,train,ㅈㄲㅁ,8,잠깐만 | 자꾸만 | 저 껌만,1,
TRAIN0424,train,ㄷㅇㅇㅎㅈ,12,다음에 하자 | 다음에 해줘 | 다음에 하죠,1,
TRAIN0425,train,ㅁㅁㄹ,16,목마름 | 맘마를 | 마무리 | 목 말라 | 뭐 말래,1,
TRAIN0426,train,ㅁㅁㅅㄹ,3,물 마실래 | 뭐 마실래 | 뭘 마실래,1,
TRAIN0427,train,ㅅㄱㅅㅇ,5,살고 싶어 | 숨고 싶어 | 서고 싶어 | 쉬고 싶어 | 사고 싶어,1,
TRAIN0428,train,ㅇㄱㅅㅇ,8,읽고 싶어 | 입고 싶어 | 오고 싶어 | 앉고 싶어 | 알고 싶어,1,
TRAIN0429,train,ㄴㅇㅇㄱㅅㅇ,12,누워 있고 싶어 | 내 옆에 계세요 | 내 앞에 계세요,1,
TRAIN0430,train,ㄷㅇㅈ,16,더 있죠 | 도와줘 | 다음 주 | 들어줘 | 다 알지 | 다 있지 | 다 오죠,1,
TRAIN0431,train,ㅁㅈ,3,맥주 | 먹자 | 맞지,1,
TRAIN0432,train,ㅈㅇ,5,지워 | 조용 | 제일 | 좋아 | 줘요,1,
TRAIN0433,train,ㅇㄴ,8,있나 | 없나 | 오냐 | 아니 | 안녕 | 오늘 | 언니 | 안내,1,
TRAIN0434,train,ㅂㅈ,12,부자 | 병 줘 | 빚져 | 밥 줘 | 밥 좀 | 봐줘 | 보자 | 바지,1,
TRAIN0435,train,ㄷㅇ,16,들어 | 더워 | 도와 | 닫아 | 다음 | 동의 | 되어,1,
TRAIN0436,train,ㅅㅇ,3,세워 | 싫어 | 쉬어,1,
TRAIN0437,train,ㅁㅇ,5,무용 | 매워 | 믿어 | 맞아 | 뭐야,1,
TRAIN0438,train,ㄱㅁㅇ,8,구매요 | 그 말이 | 고마워 | 그만요 | 개막일,1,
TRAIN0439,train,ㅈㄱㅅㅇ,12,지금 사요 | 저거 사요 | 조금 세요 | 제가 사요 | 저기 서요 | 자고 싶어,1,
TRAIN0440,train,ㅁㄹㅇㅍ,16,무릎 아파 | 머리 아파,1,
TRAIN0441,train,ㅂㅇㅍ,3,발 아파 | 볼 아파 | 배 아파,1,
TRAIN0442,train,ㅁㅇㅍ,5,몸 아파 | 맘 아파 | 목 아픔,1,
TRAIN0443,train,ㅇㅅㅂㄹㅈ,8,어서 불러줘 | 우선 불러줘 | 우산 빌려줘 | 의사 불러줘,1,
TRAIN0444,train,ㄱㅎㅅㅂㄹㅈ,12,그 학생 불러줘 | 그 회사 불러줘 | 간호사 불러줘,1,
TRAIN0445,train,ㅂㄲㅈ,16,불 끄자 | 바꿔줘 | 불 껐지 | 불 꺼줘,1,
TRAIN0446,train,ㅈㅁㅋㅈ,3,자막 켜줘 | 조명 켜자 | 조명 켜죠,1,
TRAIN0447,train,ㅈㅁㄲㅈ,5,조명 끄자 | 좀만 끄자 | 조명 꺼줘 | 좀만 꺼줘 | 조명 꺼져,1,
TRAIN0448,train,ㅌㅂㅋㅈ,8,티비 켜자 | 티비 켜죠 | 티비 키자 | 티비 켜줘,1,
TRAIN0449,train,ㅁㄷㅇㅈ,12,만들어줘 | 말 들어줘 | 물도 있죠 | 문 닫아줘,1,
TRAIN0450,train,ㄴㅁㅇㄷㅇ,16,내 물 어디야 | 나 뭐 어딨어 | 내 맘 안 돼요 | 너무 어두워,1,
TRAIN0451,train,ㄴㅁㅂㅇ,3,나만 봐요 | 내 말 봐요 | 너 뭐 보여,1,
TRAIN0452,train,ㅇㄴㅁㅎ,5,아니 뭐 해 | 아냐 뭐 해 | 오늘 뭐함 | 오늘 뭐 해,1,
TRAIN0453,train,ㄴㅇㅁㅎ,8,너 왜 뭐 해 | 내일 뭐함 | 나 왜 뭐 해 | 내일 뭐 해,1,
TRAIN0454,train,ㅈㄱㅁㅅㅇ,12,지금 뭐 사요 | 조금만 쉬어 | 지금 몇 시야 | 저기 몇 시야 | 자기 몇 시야,1,
TRAIN0455,train,ㄷㅅㅁㅎㅈ,16,대신 말해줘 | 다 설명해줘 | 더 설명해줘 | 다시 말해줘,1,
TRAIN0456,train,ㅈㄲㅁ,3,자꾸만 | 저 껌만 | 잠깐만,1,
TRAIN0457,train,ㄷㅇㅇㅎㅈ,5,다음에 해줘 | 다음에 하죠 | 다음에 하자,1,
TRAIN0458,train,ㅁㅁㄹ,8,맘마를 | 마무리 | 목 말라 | 뭐 말래 | 목마름,1,
TRAIN0459,train,ㅁㅁㅅㄹ,12,뭐 마실래 | 뭘 마실래 | 물 마시러 | 물 마실래,1,
TRAIN0460,train,ㅅㄱㅅㅇ,16,숨고 싶어 | 서고 싶어 | 쉬고 싶어 | 사고 싶어 | 살고 싶어,1,
TRAIN0461,train,ㅇㄱㅅㅇ,3,입고 싶어 | 오고 싶어 | 앉고 싶어,1,
TRAIN0462,train,ㄴㅇㅇㄱㅅㅇ,5,내 옆에 계세요 | 내 앞에 계세요 | 누워 있고 싶어,1,
TRAIN0463,train,ㄷㅇㅈ,8,다 알지 | 더 있죠 | 다 있지 | 도와줘 | 들어줘 | 다 오죠 | 다음 주,1,
TRAIN0464,train,ㅁㅈ,12,물 줘 | 맞지 | 먹자 | 말자 | 모자 | 문제 | 맥주 | 물 좀 | 먼저 | 뭐지 | 만져,1,
TRAIN0465,train,ㅈㅇ,16,줘요 | 조용 | 주워 | 지워 | 저요 | 제일 | 좋아 | 자요,1,
TRAIN0466,train,ㅇㄴ,3,안내 | 안녕 | 있나,1,
TRAIN0467,train,ㅂㅈ,5,밥 좀 | 빚져 | 부자 | 보자 | 병 줘,1,
TRAIN0468,train,ㄷㅇ,8,도와 | 더워 | 동의 | 닫아 | 들어 | 되어 | 다음,1,
TRAIN0469,train,ㅅㅇ,12,싫어 | 세워 | 쉬어 | 소요 | 수요 | 사요 | 서요,1,
TRAIN0470,train,ㅁㅇ,16,맞아 | 미안 | 뭐야 | 매워 | 마요 | 믿어 | 모여 | 무용,1,
TRAIN0471,train,ㄱㅁㅇ,3,그만요 | 그 말이 | 구매요,1,
TRAIN0472,train,ㅈㄱㅅㅇ,5,제가 사요 | 자고 싶어 | 지금 사요 | 저기 서요 | 조금 세요,1,
TRAIN0473,train,ㅁㄹㅇㅍ,8,머리 아파 | 무릎 아파,1,
TRAIN0474,train,ㅂㅇㅍ,12,배 아파 | 볼 아파 | 발 아파,1,
TRAIN0475,train,ㅁㅇㅍ,16,맘 아파 | 몸 아파 | 목 아픔,1,
TRAIN0476,train,ㅇㅅㅂㄹㅈ,3,우선 불러줘 | 의사 불러줘 | 우산 빌려줘,1,
TRAIN0477,train,ㄱㅎㅅㅂㄹㅈ,5,그 학생 불러줘 | 그 회사 불러줘 | 간호사 불러줘,1,
TRAIN0478,train,ㅂㄲㅈ,8,불 꺼줘 | 불 끄자 | 바꿔줘 | 불 껐지,1,
TRAIN0479,train,ㅈㅁㅋㅈ,12,자막 켜줘 | 조명 켜자 | 조명 켜줘 | 조명 켜죠,1,
TRAIN0480,train,ㅈㅁㄲㅈ,16,조명 꺼져 | 좀만 끄자 | 조명 꺼줘 | 조명 끄자 | 좀만 꺼줘,1,
TRAIN0481,train,ㅌㅂㅋㅈ,3,티비 키자 | 티비 켜줘 | 티비 켜죠,1,
TRAIN0482,train,ㅁㄷㅇㅈ,5,문 닫아줘 | 만들어줘 | 말 들어줘 | 물도 있죠,1,
TRAIN0483,train,ㄴㅁㅇㄷㅇ,8,내 물 어디야 | 나 뭐 어딨어 | 내 맘 안 돼요 | 너무 어두워,1,
TRAIN0484,train,ㄴㅁㅂㅇ,12,너무 밝아 | 나만 봐요 | 내 말 봐요 | 너 뭐 보여,1,
TRAIN0485,train,ㅇㄴㅁㅎ,16,아냐 뭐 해 | 오늘 뭐함 | 아니 뭐 해 | 오늘 뭐 해,1,
TRAIN0486,train,ㄴㅇㅁㅎ,3,나 왜 뭐 해 | 너 왜 뭐 해 | 내일 뭐 해,1,
TRAIN0487,train,ㅈㄱㅁㅅㅇ,5,지금 뭐 사요 | 조금만 쉬어 | 저기 몇 시야 | 자기 몇 시야 | 지금 몇 시야,1,
TRAIN0488,train,ㄷㅅㅁㅎㅈ,8,더 설명해줘 | 대신 말해줘 | 다시 말해줘 | 다 설명해줘,1,
TRAIN0489,train,ㅈㄲㅁ,12,저 껌만 | 잠깐만 | 자꾸만,1,
TRAIN0490,train,ㄷㅇㅇㅎㅈ,16,다음에 해줘 | 다음에 하자 | 다음에 하죠,1,
TRAIN0491,train,ㅁㅁㄹ,3,맘마를 | 뭐 말래 | 마무리,1,
TRAIN0492,train,ㅁㅁㅅㄹ,5,물 마실래 | 뭐 마실래 | 뭘 마실래 | 물 마시러,1,
TRAIN0493,train,ㅅㄱㅅㅇ,8,쉬고 싶어 | 사고 싶어 | 서고 싶어 | 숨고 싶어 | 살고 싶어,1,
TRAIN0494,train,ㅇㄱㅅㅇ,12,오고 싶어 | 입고 싶어 | 알고 싶어 | 읽고 싶어 | 앉고 싶어,1,
TRAIN0495,train,ㄴㅇㅇㄱㅅㅇ,16,누워 있고 싶어 | 내 옆에 계세요 | 내 앞에 계세요,1,
TRAIN0496,train,ㄷㅇㅈ,3,다음 주 | 들어줘 | 다 알지,1,
TRAIN0497,train,ㅁㅈ,5,맞지 | 뭐지 | 먼저 | 모자 | 문제,1,
TRAIN0498,train,ㅈㅇ,8,제일 | 좋아 | 줘요 | 저요 | 자요 | 주워 | 지워 | 조용,1,
TRAIN0499,train,ㅇㄴ,12,오냐 | 아니 | 안녕 | 오늘 | 언니 | 안내 | 있나 | 없나,1,
TRAIN0500,train,ㅂㅈ,16,빚져 | 밥 줘 | 밥 좀 | 봐줘 | 보자 | 바지 | 부자 | 병 줘,1,
