phrase_id,split,category,initials,text,partner,situation,recent_context,source,approved,priority,note
P0001,train,basic_request,ㅇㅉㅂㅈ,이쪽 봐줘,family,home,가족에게 일상적인 도움이나 물건 이동을 부탁하는 상황이다.,curated_seed_v2,1,normal,
P0002,train,basic_request,ㅈㄱㄱㄷㄹㅈ,조금 기다려줘,family,home,가족에게 일상적인 도움이나 물건 이동을 부탁하는 상황이다.,curated_seed_v2,1,normal,
P0003,train,basic_request,ㅅㅈㅈㅇㅈ,손 좀 잡아줘,family,home,가족에게 일상적인 도움이나 물건 이동을 부탁하는 상황이다.,curated_seed_v2,1,normal,
P0006,train,basic_request,ㅇㄱㄴㅇㅈ,여기 놓아줘,family,home,가족에게 일상적인 도움이나 물건 이동을 부탁하는 상황이다.,curated_seed_v2,1,normal,
P0007,train,basic_request,ㅈㄱㄴㅇㅈ,저기 놓아줘,family,home,가족에게 일상적인 도움이나 물건 이동을 부탁하는 상황이다.,curated_seed_v2,1,normal,
P0008,train,basic_request,ㅇㄱㄱㅈㅇㅈ,이거 가져와줘,family,home,가족에게 일상적인 도움이나 물건 이동을 부탁하는 상황이다.,curated_seed_v2,1,normal,
P0010,train,basic_request,ㅎㄷㅍㄱㅈㅇㅈ,휴대폰 가져와줘,family,home,가족에게 일상적인 도움이나 물건 이동을 부탁하는 상황이다.,curated_seed_v2,1,normal,
P0011,train,basic_request,ㅇㄱㅈㅈ,안경 좀 줘,family,home,가족에게 일상적인 도움이나 물건 이동을 부탁하는 상황이다.,curated_seed_v2,1,normal,
P0012,train,basic_request,ㄹㅁㅋㄱㅈㅇㅈ,리모컨 가져와줘,family,home,가족에게 일상적인 도움이나 물건 이동을 부탁하는 상황이다.,curated_seed_v2,1,normal,
P0013,train,basic_request,ㅁㅈㄷㅇㅈ,문 좀 닫아줘,family,home,가족에게 일상적인 도움이나 물건 이동을 부탁하는 상황이다.,curated_seed_v2,1,normal,
P0015,train,basic_request,ㅎㅂㄷㅎㅈ,한 번 더 해줘,family,home,가족에게 일상적인 도움이나 물건 이동을 부탁하는 상황이다.,curated_seed_v2,1,normal,
P0016,train,basic_request,ㅈㄱㅊㅊㅎㅎㅈ,조금 천천히 해줘,family,home,가족에게 일상적인 도움이나 물건 이동을 부탁하는 상황이다.,curated_seed_v2,1,normal,
P0018,train,basic_request,ㅈㅅㅁㅊㅈ,잠시 멈춰줘,family,home,가족에게 일상적인 도움이나 물건 이동을 부탁하는 상황이다.,curated_seed_v2,1,normal,
P0019,train,basic_request,ㄴㅁㄷㅇㅈ,내 말 들어줘,family,home,가족에게 일상적인 도움이나 물건 이동을 부탁하는 상황이다.,curated_seed_v2,1,normal,
P0020,train,basic_request,ㅇㅉㅇㄹㅇㄱㅈ,이쪽으로 옮겨줘,family,home,가족에게 일상적인 도움이나 물건 이동을 부탁하는 상황이다.,curated_seed_v2,1,normal,
P0021,train,food_drink,ㅅㅇㅎㅁㅈ,시원한 물 줘,family,meal,식사나 음료와 관련된 요구를 전달하는 상황이다.,curated_seed_v2,1,normal,
P0023,train,food_drink,ㅈㅅㅈㅈ,주스 좀 줘,family,meal,식사나 음료와 관련된 요구를 전달하는 상황이다.,curated_seed_v2,1,normal,
P0024,train,food_drink,ㅊㅈㅈ,차 좀 줘,family,meal,식사나 음료와 관련된 요구를 전달하는 상황이다.,curated_seed_v2,1,normal,
P0027,train,food_drink,ㅃㄷㄴㅇㅈ,빨대 넣어줘,family,meal,식사나 음료와 관련된 요구를 전달하는 상황이다.,curated_seed_v2,1,normal,
P0028,train,food_drink,ㅋㅈㅈ,컵 좀 줘,family,meal,식사나 음료와 관련된 요구를 전달하는 상황이다.,curated_seed_v2,1,normal,
P0030,train,food_drink,ㅈㄱㄹㅈㅈ,젓가락 좀 줘,family,meal,식사나 음료와 관련된 요구를 전달하는 상황이다.,curated_seed_v2,1,normal,
P0031,train,food_drink,ㅈㅈㄱㅈ,죽 조금 줘,family,meal,식사나 음료와 관련된 요구를 전달하는 상황이다.,curated_seed_v2,1,normal,
P0032,train,food_drink,ㄱㄷㅈ,국 더 줘,family,meal,식사나 음료와 관련된 요구를 전달하는 상황이다.,curated_seed_v2,1,normal,
P0033,train,food_drink,ㅂㅈㄱㅈ,밥 조금 줘,family,meal,식사나 음료와 관련된 요구를 전달하는 상황이다.,curated_seed_v2,1,normal,
P0037,train,food_drink,ㅋㅇㄸㄹㅈ,컵에 따라줘,family,meal,식사나 음료와 관련된 요구를 전달하는 상황이다.,curated_seed_v2,1,normal,
P0039,train,food_drink,ㅅㅅㅁㅊㅈ,식사 멈춰줘,family,meal,식사나 음료와 관련된 요구를 전달하는 상황이다.,curated_seed_v2,1,normal,
P0040,train,food_drink,ㅈㄱㅅㅇㄷㅁㅈ,조금 쉬었다 먹자,family,meal,식사나 음료와 관련된 요구를 전달하는 상황이다.,curated_seed_v2,1,normal,
P0042,train,environment,ㅇㅇㅋㅈㄲㅈ,에어컨 좀 꺼줘,caregiver,home,"주변 온도, 빛, 소리, 공기를 조절하고 싶은 상황이다.",curated_seed_v2,1,normal,
P0043,train,environment,ㅅㅍㄱㅈㅋㅈ,선풍기 좀 켜줘,caregiver,home,"주변 온도, 빛, 소리, 공기를 조절하고 싶은 상황이다.",curated_seed_v2,1,normal,
P0044,train,environment,ㅅㅍㄱㅈㄲㅈ,선풍기 좀 꺼줘,caregiver,home,"주변 온도, 빛, 소리, 공기를 조절하고 싶은 상황이다.",curated_seed_v2,1,normal,
P0045,train,environment,ㄴㅂㅈㅋㅈ,난방 좀 켜줘,caregiver,home,"주변 온도, 빛, 소리, 공기를 조절하고 싶은 상황이다.",curated_seed_v2,1,normal,
P0046,train,environment,ㄴㅂㅈㄲㅈ,난방 좀 꺼줘,caregiver,home,"주변 온도, 빛, 소리, 공기를 조절하고 싶은 상황이다.",curated_seed_v2,1,normal,
P0048,train,environment,ㅋㅌㅈㄷㅇㅈ,커튼 좀 닫아줘,caregiver,home,"주변 온도, 빛, 소리, 공기를 조절하고 싶은 상황이다.",curated_seed_v2,1,normal,
P0049,train,environment,ㅊㅁㅈㅇㅇㅈ,창문 좀 열어줘,caregiver,home,"주변 온도, 빛, 소리, 공기를 조절하고 싶은 상황이다.",curated_seed_v2,1,normal,
P0050,train,environment,ㅊㅁㅈㄷㅇㅈ,창문 좀 닫아줘,caregiver,home,"주변 온도, 빛, 소리, 공기를 조절하고 싶은 상황이다.",curated_seed_v2,1,normal,
P0051,train,environment,ㅂㄹㅈㄴㅊㅈ,볼륨 좀 낮춰줘,caregiver,home,"주변 온도, 빛, 소리, 공기를 조절하고 싶은 상황이다.",curated_seed_v2,1,normal,
P0052,train,environment,ㅂㄹㅈㄴㅇㅈ,볼륨 좀 높여줘,caregiver,home,"주변 온도, 빛, 소리, 공기를 조절하고 싶은 상황이다.",curated_seed_v2,1,normal,
P0053,train,environment,ㅅㄹㅈㅈㅇㅈ,소리 좀 줄여줘,caregiver,home,"주변 온도, 빛, 소리, 공기를 조절하고 싶은 상황이다.",curated_seed_v2,1,normal,
P0054,train,environment,ㅅㄹㅈㅋㅇㅈ,소리 좀 키워줘,caregiver,home,"주변 온도, 빛, 소리, 공기를 조절하고 싶은 상황이다.",curated_seed_v2,1,normal,
P0055,train,environment,ㅈㅁㅇㄴㅊㅈ,조명을 낮춰줘,caregiver,home,"주변 온도, 빛, 소리, 공기를 조절하고 싶은 상황이다.",curated_seed_v2,1,normal,
P0056,train,environment,ㅈㅁㅇㄴㅇㅈ,조명을 높여줘,caregiver,home,"주변 온도, 빛, 소리, 공기를 조절하고 싶은 상황이다.",curated_seed_v2,1,normal,
P0058,train,environment,ㄱㄱㄱㄴㅁㄱㅈㅎ,공기가 너무 건조해,caregiver,home,"주변 온도, 빛, 소리, 공기를 조절하고 싶은 상황이다.",curated_seed_v2,1,normal,
P0063,train,positioning,ㄷㄹㅈㅇㄹㅈ,다리 좀 올려줘,caregiver,positioning,현재 자세가 불편해서 몸이나 침대 위치를 조절해야 하는 상황이다.,curated_seed_v2,1,high,
P0064,train,positioning,ㄷㄹㅈㄴㄹㅈ,다리 좀 내려줘,caregiver,positioning,현재 자세가 불편해서 몸이나 침대 위치를 조절해야 하는 상황이다.,curated_seed_v2,1,high,
P0065,train,positioning,ㅍㅈㅇㄹㅈ,팔 좀 올려줘,caregiver,positioning,현재 자세가 불편해서 몸이나 침대 위치를 조절해야 하는 상황이다.,curated_seed_v2,1,high,
P0067,train,positioning,ㅂㄱㅈㄴㅇㅈ,베개 좀 높여줘,caregiver,positioning,현재 자세가 불편해서 몸이나 침대 위치를 조절해야 하는 상황이다.,curated_seed_v2,1,high,
P0068,train,positioning,ㅂㄱㅈㄴㅊㅈ,베개 좀 낮춰줘,caregiver,positioning,현재 자세가 불편해서 몸이나 침대 위치를 조절해야 하는 상황이다.,curated_seed_v2,1,high,
P0069,train,positioning,ㄷㅇㅈㄱㅅㅇㅈ,등을 조금 세워줘,caregiver,positioning,현재 자세가 불편해서 몸이나 침대 위치를 조절해야 하는 상황이다.,curated_seed_v2,1,high,
P0070,train,positioning,ㅁㅇㅈㄱㄴㅎㅈ,몸을 조금 눕혀줘,caregiver,positioning,현재 자세가 불편해서 몸이나 침대 위치를 조절해야 하는 상황이다.,curated_seed_v2,1,high,
P0071,train,positioning,ㄱㄱㅈㄷㄹㅈ,고개 좀 돌려줘,caregiver,positioning,현재 자세가 불편해서 몸이나 침대 위치를 조절해야 하는 상황이다.,curated_seed_v2,1,high,
P0072,train,positioning,ㅅㅈㅍㅈ,손 좀 펴줘,caregiver,positioning,현재 자세가 불편해서 몸이나 침대 위치를 조절해야 하는 상황이다.,curated_seed_v2,1,high,
P0073,train,positioning,ㅅㅇㄴㄹㅈ,손을 내려줘,caregiver,positioning,현재 자세가 불편해서 몸이나 침대 위치를 조절해야 하는 상황이다.,curated_seed_v2,1,high,
P0074,train,positioning,ㅂㅇㅂㅊㅈ,발을 받쳐줘,caregiver,positioning,현재 자세가 불편해서 몸이나 침대 위치를 조절해야 하는 상황이다.,curated_seed_v2,1,high,
P0075,train,positioning,ㅊㄷㄹㅇㄹㅈ,침대를 올려줘,caregiver,positioning,현재 자세가 불편해서 몸이나 침대 위치를 조절해야 하는 상황이다.,curated_seed_v2,1,high,
P0076,train,positioning,ㅊㄷㄹㄴㄹㅈ,침대를 내려줘,caregiver,positioning,현재 자세가 불편해서 몸이나 침대 위치를 조절해야 하는 상황이다.,curated_seed_v2,1,high,
P0077,train,positioning,ㅇㄲㄹㅂㅊㅈ,어깨를 받쳐줘,caregiver,positioning,현재 자세가 불편해서 몸이나 침대 위치를 조절해야 하는 상황이다.,curated_seed_v2,1,high,
P0078,train,positioning,ㅎㄹㄹㅂㅊㅈ,허리를 받쳐줘,caregiver,positioning,현재 자세가 불편해서 몸이나 침대 위치를 조절해야 하는 상황이다.,curated_seed_v2,1,high,
P0079,train,positioning,ㅁㅇㄱㅇㄷㄹㅇㄱㅈ,몸을 가운데로 옮겨줘,caregiver,positioning,현재 자세가 불편해서 몸이나 침대 위치를 조절해야 하는 상황이다.,curated_seed_v2,1,high,
P0080,train,positioning,ㅈㄱㅇㅇㄹㄷㄹㅈ,조금 옆으로 돌려줘,caregiver,positioning,현재 자세가 불편해서 몸이나 침대 위치를 조절해야 하는 상황이다.,curated_seed_v2,1,high,
P0081,train,pain_discomfort,ㅁㅇㄴㅁㅇㅍ,목이 너무 아파,medical_staff,pain,통증이나 신체 불편을 의료진 또는 보호자에게 알리는 상황이다.,curated_seed_v2,1,high,
P0082,train,pain_discomfort,ㅎㄹㄱㄴㅁㅇㅍ,허리가 너무 아파,medical_staff,pain,통증이나 신체 불편을 의료진 또는 보호자에게 알리는 상황이다.,curated_seed_v2,1,high,
P0083,train,pain_discomfort,ㄷㄹㄱㄴㅁㅇㅍ,다리가 너무 아파,medical_staff,pain,통증이나 신체 불편을 의료진 또는 보호자에게 알리는 상황이다.,curated_seed_v2,1,high,
P0085,train,pain_discomfort,ㄱㅅㅇㄷㄷㅎ,가슴이 답답해,medical_staff,pain,통증이나 신체 불편을 의료진 또는 보호자에게 알리는 상황이다.,curated_seed_v2,1,high,
P0086,train,pain_discomfort,ㅅㅇㄴㅁㅊ,숨이 너무 차,medical_staff,pain,통증이나 신체 불편을 의료진 또는 보호자에게 알리는 상황이다.,curated_seed_v2,1,high,
P0089,train,pain_discomfort,ㅅㄲㅇㅈㄹ,손끝이 저려,medical_staff,pain,통증이나 신체 불편을 의료진 또는 보호자에게 알리는 상황이다.,curated_seed_v2,1,high,
P0094,train,pain_discomfort,ㄴㅇㄸㄱㅇ,눈이 따가워,medical_staff,pain,통증이나 신체 불편을 의료진 또는 보호자에게 알리는 상황이다.,curated_seed_v2,1,high,
P0095,train,pain_discomfort,ㅇㅇㅇㄴㅁㅁㄹ,입안이 너무 말라,medical_staff,pain,통증이나 신체 불편을 의료진 또는 보호자에게 알리는 상황이다.,curated_seed_v2,1,high,
P0096,train,pain_discomfort,ㅁㅇㅈㄲㄸㄹ,몸이 자꾸 떨려,medical_staff,pain,통증이나 신체 불편을 의료진 또는 보호자에게 알리는 상황이다.,curated_seed_v2,1,high,
P0098,train,pain_discomfort,ㅎㄹㄱㅃㄱㅎ,허리가 뻐근해,medical_staff,pain,통증이나 신체 불편을 의료진 또는 보호자에게 알리는 상황이다.,curated_seed_v2,1,high,
P0099,train,pain_discomfort,ㅂㄱㄷㅂㄹㅎ,배가 더부룩해,medical_staff,pain,통증이나 신체 불편을 의료진 또는 보호자에게 알리는 상황이다.,curated_seed_v2,1,high,
P0100,train,pain_discomfort,ㅅㅇㅆㄹ,속이 쓰려,medical_staff,pain,통증이나 신체 불편을 의료진 또는 보호자에게 알리는 상황이다.,curated_seed_v2,1,high,
P0103,train,medical_communication,ㅅㅅㅍㅎㄷㅎㅇㅎㅈㅅㅇ,산소포화도 확인해주세요,medical_staff,hospital,병원에서 의료진에게 상태 확인이나 처치를 요청하는 상황이다.,curated_seed_v2,1,high,
P0104,train,medical_communication,ㅎㅎㅅㅌㅎㅇㅎㅈㅅㅇ,호흡 상태 확인해주세요,medical_staff,hospital,병원에서 의료진에게 상태 확인이나 처치를 요청하는 상황이다.,curated_seed_v2,1,high,
P0106,train,medical_communication,ㅇㅇㅇㅁㅁㅇㅇㅇ,약을 이미 먹었어요,medical_staff,hospital,병원에서 의료진에게 상태 확인이나 처치를 요청하는 상황이다.,curated_seed_v2,1,high,
P0107,train,medical_communication,ㅇㅇㅇㅈㅁㅁㅇㅇㅇ,약을 아직 못 먹었어요,medical_staff,hospital,병원에서 의료진에게 상태 확인이나 처치를 요청하는 상황이다.,curated_seed_v2,1,high,
P0108,train,medical_communication,ㅂㅎㅈㅇㄱㅇㄹㅎㅈㅅㅇ,보호자에게 연락해주세요,medical_staff,hospital,병원에서 의료진에게 상태 확인이나 처치를 요청하는 상황이다.,curated_seed_v2,1,high,
P0109,train,medical_communication,ㅎㅇㅎㅂㅎㅈㅅㅇ,흡인 한번 해주세요,medical_staff,hospital,병원에서 의료진에게 상태 확인이나 처치를 요청하는 상황이다.,curated_seed_v2,1,high,
P0110,train,medical_communication,ㅈㅅㄹㅎㅇㅎㅈㅅㅇ,자세를 확인해주세요,medical_staff,hospital,병원에서 의료진에게 상태 확인이나 처치를 요청하는 상황이다.,curated_seed_v2,1,high,
P0111,train,medical_communication,ㄱㅎㅅㅇㅈㅇㄴㅇ,간호사 언제 오나요,medical_staff,hospital,병원에서 의료진에게 상태 확인이나 처치를 요청하는 상황이다.,curated_seed_v2,1,high,
P0112,train,medical_communication,ㅇㅅㅇㅈㅇㄴㅇ,의사 언제 오나요,medical_staff,hospital,병원에서 의료진에게 상태 확인이나 처치를 요청하는 상황이다.,curated_seed_v2,1,high,
P0113,train,medical_communication,ㄱㅅㅅㄱㅇㅇㅈㅇㅇ,검사 시간이 언제예요,medical_staff,hospital,병원에서 의료진에게 상태 확인이나 처치를 요청하는 상황이다.,curated_seed_v2,1,high,
P0115,train,medical_communication,ㅈㅅㅂㅇㄱㅇㅍㅇ,주사 부위가 아파요,medical_staff,hospital,병원에서 의료진에게 상태 확인이나 처치를 요청하는 상황이다.,curated_seed_v2,1,high,
P0116,train,medical_communication,ㅇㄱㅅㄹㄱㅇㅎㄱㄱㅇㅇ,응급실로 가야 할 것 같아요,medical_staff,hospital,병원에서 의료진에게 상태 확인이나 처치를 요청하는 상황이다.,curated_seed_v2,1,high,
P0117,train,medical_communication,ㅅㅅㄹㅈㄱㅇㄹㅈㅅㅇ,산소를 조금 올려주세요,medical_staff,hospital,병원에서 의료진에게 상태 확인이나 처치를 요청하는 상황이다.,curated_seed_v2,1,high,
P0118,train,medical_communication,ㅌㅈㅇㅊㄹㅂㅈㅅㅇ,통증 위치를 봐주세요,medical_staff,hospital,병원에서 의료진에게 상태 확인이나 처치를 요청하는 상황이다.,curated_seed_v2,1,high,
P0119,train,medical_communication,ㅇㅇㄹㅇㅇㄹㅈㅅㅇ,약 이름을 알려주세요,medical_staff,hospital,병원에서 의료진에게 상태 확인이나 처치를 요청하는 상황이다.,curated_seed_v2,1,high,
P0121,train,schedule_time,ㅁㅅㅇㅇㄱㅇ,몇 시에 올 거야,family,schedule,"시간, 약속, 방문 일정이나 하루 계획을 묻거나 정하는 상황이다.",curated_seed_v2,1,normal,
P0122,train,schedule_time,ㅇㅈㅊㅂㅎㄱㅇ,언제 출발할 거야,family,schedule,"시간, 약속, 방문 일정이나 하루 계획을 묻거나 정하는 상황이다.",curated_seed_v2,1,normal,
P0123,train,schedule_time,ㅇㄴㅂㅇㅇㅇ,오늘 병원 있어,family,schedule,"시간, 약속, 방문 일정이나 하루 계획을 묻거나 정하는 상황이다.",curated_seed_v2,1,normal,
P0125,train,schedule_time,ㅇㅎㅇㄴㅁㅎ,오후에는 뭐 해,family,schedule,"시간, 약속, 방문 일정이나 하루 계획을 묻거나 정하는 상황이다.",curated_seed_v2,1,normal,
P0126,train,schedule_time,ㅈㄴㅇㄴㄴㄱㅇ,저녁에는 누가 와,family,schedule,"시간, 약속, 방문 일정이나 하루 계획을 묻거나 정하는 상황이다.",curated_seed_v2,1,normal,
P0127,train,schedule_time,ㅇㅂㅈㅁㅇㅁㅎ,이번 주말에 뭐 해,family,schedule,"시간, 약속, 방문 일정이나 하루 계획을 묻거나 정하는 상황이다.",curated_seed_v2,1,normal,
P0128,train,schedule_time,ㄷㅇㄷㅇㅁㄴㅈ,다음 달에 만나자,family,schedule,"시간, 약속, 방문 일정이나 하루 계획을 묻거나 정하는 상황이다.",curated_seed_v2,1,normal,
P0129,train,schedule_time,ㅇㅊㅇㄲㅇㅈㄹ,아침에 깨워줄래,family,schedule,"시간, 약속, 방문 일정이나 하루 계획을 묻거나 정하는 상황이다.",curated_seed_v2,1,normal,
P0130,train,schedule_time,ㅈㅅㅇㅇㅈㅁㅇ,점심은 언제 먹어,family,schedule,"시간, 약속, 방문 일정이나 하루 계획을 묻거나 정하는 상황이다.",curated_seed_v2,1,normal,
P0133,train,schedule_time,ㅇㄴㅇㅁㅅㅇㅇㅇㅇ,오늘이 무슨 요일이야,family,schedule,"시간, 약속, 방문 일정이나 하루 계획을 묻거나 정하는 상황이다.",curated_seed_v2,1,normal,
P0134,train,schedule_time,ㅇㅇㅅㄱㅇㅁㅅㅇ,예약 시간이 몇 시야,family,schedule,"시간, 약속, 방문 일정이나 하루 계획을 묻거나 정하는 상황이다.",curated_seed_v2,1,normal,
P0137,train,schedule_time,ㄴㅇㅇㅈㅇㄹㅈ,내일 일정 알려줘,family,schedule,"시간, 약속, 방문 일정이나 하루 계획을 묻거나 정하는 상황이다.",curated_seed_v2,1,normal,
P0138,train,schedule_time,ㅇㅂㅈㅇㅈㅇㄹㅈ,이번 주 일정 알려줘,family,schedule,"시간, 약속, 방문 일정이나 하루 계획을 묻거나 정하는 상황이다.",curated_seed_v2,1,normal,
P0139,train,schedule_time,ㄷㅇㅇㅈㅇㅁㅇ,다음 일정이 뭐야,family,schedule,"시간, 약속, 방문 일정이나 하루 계획을 묻거나 정하는 상황이다.",curated_seed_v2,1,normal,
P0141,train,social,ㅈㅁㅂㄱㅅㅇㅇ,정말 보고 싶었어,friend,general,가족이나 친구와 일상적인 사회적 대화를 하는 상황이다.,curated_seed_v2,1,normal,
P0142,train,social,ㅁㄴㅅㅂㄱㅇ,만나서 반가워,friend,general,가족이나 친구와 일상적인 사회적 대화를 하는 상황이다.,curated_seed_v2,1,normal,
P0143,train,social,ㅈㅈㄴㅈ,잘 지냈지,friend,general,가족이나 친구와 일상적인 사회적 대화를 하는 상황이다.,curated_seed_v2,1,normal,
P0144,train,social,ㅇㄴㅈㅁㅇㅇ,오늘 재밌었어,friend,general,가족이나 친구와 일상적인 사회적 대화를 하는 상황이다.,curated_seed_v2,1,normal,
P0146,train,social,ㅁㅇㅎㅇ,미안했어,friend,general,가족이나 친구와 일상적인 사회적 대화를 하는 상황이다.,curated_seed_v2,1,normal,
P0147,train,social,ㅈㅁㅊㅎㅎ,정말 축하해,friend,general,가족이나 친구와 일상적인 사회적 대화를 하는 상황이다.,curated_seed_v2,1,normal,
P0148,train,social,ㄴㄱㅊㅇ,너 괜찮아,friend,general,가족이나 친구와 일상적인 사회적 대화를 하는 상황이다.,curated_seed_v2,1,normal,
P0149,train,social,ㅁㅇㅅㄹㅎ,많이 사랑해,friend,general,가족이나 친구와 일상적인 사회적 대화를 하는 상황이다.,curated_seed_v2,1,normal,
P0150,train,social,ㅇㄹㅁㅇㄹㅂㄱㅇ,오랜만이라 반가워,friend,general,가족이나 친구와 일상적인 사회적 대화를 하는 상황이다.,curated_seed_v2,1,normal,
P0154,train,social,ㅊㄱㅇㄱㅇㄹㅎㅈ,친구에게 연락해줘,friend,general,가족이나 친구와 일상적인 사회적 대화를 하는 상황이다.,curated_seed_v2,1,normal,
P0155,train,social,ㅇㄴㄱㅅㅎㅇ,오늘 고생했어,friend,general,가족이나 친구와 일상적인 사회적 대화를 하는 상황이다.,curated_seed_v2,1,normal,
P0156,train,social,ㅈㅁㄱㅁㅇㅇ,정말 고마웠어,friend,general,가족이나 친구와 일상적인 사회적 대화를 하는 상황이다.,curated_seed_v2,1,normal,
P0157,train,social,ㄷㅇㅇㄸㅂㅈ,다음에 또 보자,friend,general,가족이나 친구와 일상적인 사회적 대화를 하는 상황이다.,curated_seed_v2,1,normal,
P0158,train,social,ㅇㄴㅈㄱㅇㄷ,오늘 즐거웠다,friend,general,가족이나 친구와 일상적인 사회적 대화를 하는 상황이다.,curated_seed_v2,1,normal,
P0159,train,social,ㅈㄱㄷㅇㅇㄱㅎㅈ,조금 더 이야기하자,friend,general,가족이나 친구와 일상적인 사회적 대화를 하는 상황이다.,curated_seed_v2,1,normal,
P0161,train,questions_answers,ㅇㄷㄹㄱㄴㄱㅇ,어디로 가는 거야,family,general,상대에게 질문하거나 짧게 대답해야 하는 상황이다.,curated_seed_v2,1,normal,
P0162,train,questions_answers,ㄴㄱㅇㅈㅇㄹㅈ,누구인지 알려줘,family,general,상대에게 질문하거나 짧게 대답해야 하는 상황이다.,curated_seed_v2,1,normal,
P0163,train,questions_answers,ㅂㄱㅁㄹㄱㅎㅇ,방금 뭐라고 했어,family,general,상대에게 질문하거나 짧게 대답해야 하는 상황이다.,curated_seed_v2,1,normal,
P0167,train,questions_answers,ㅇㄱㅁㅇ,이게 뭐야,family,general,상대에게 질문하거나 짧게 대답해야 하는 상황이다.,curated_seed_v2,1,normal,
P0169,train,questions_answers,ㅂㄱㄴㄱㅇㅇ,방금 누가 왔어,family,general,상대에게 질문하거나 짧게 대답해야 하는 상황이다.,curated_seed_v2,1,normal,
P0170,train,questions_answers,ㅇㅈㄷㅎㅇ,이제 다 했어,family,general,상대에게 질문하거나 짧게 대답해야 하는 상황이다.,curated_seed_v2,1,normal,
P0171,train,questions_answers,ㅇㅈㅇㄲㄴㅇ,아직 안 끝났어,family,general,상대에게 질문하거나 짧게 대답해야 하는 상황이다.,curated_seed_v2,1,normal,
P0172,train,questions_answers,ㅈㅁㄹㄱㅇ,잘 모르겠어,family,general,상대에게 질문하거나 짧게 대답해야 하는 상황이다.,curated_seed_v2,1,normal,
P0173,train,questions_answers,ㄱㅇㅇㅇㄴ,기억이 안 나,family,general,상대에게 질문하거나 짧게 대답해야 하는 상황이다.,curated_seed_v2,1,normal,
P0174,train,questions_answers,ㄷㅅㅁㅇㅂㅈ,다시 물어봐줘,family,general,상대에게 질문하거나 짧게 대답해야 하는 상황이다.,curated_seed_v2,1,normal,
P0179,train,questions_answers,ㄴㄱㄱㅈㄱㅇ,누가 가져갔어,family,general,상대에게 질문하거나 짧게 대답해야 하는 상황이다.,curated_seed_v2,1,normal,
P0181,train,emotion_needs,ㅈㄱㅁㅅㅇ,조금 무서워,family,general,감정이나 심리적 욕구를 가까운 사람에게 표현하는 상황이다.,curated_seed_v2,1,normal,
P0182,train,emotion_needs,ㅁㅇㅂㅇㅎ,많이 불안해,family,general,감정이나 심리적 욕구를 가까운 사람에게 표현하는 상황이다.,curated_seed_v2,1,normal,
P0183,train,emotion_needs,ㄴㅁㅇㄹㅇ,너무 외로워,family,general,감정이나 심리적 욕구를 가까운 사람에게 표현하는 상황이다.,curated_seed_v2,1,normal,
P0184,train,emotion_needs,ㅈㄱㅅㅅㅎ,조금 심심해,family,general,감정이나 심리적 욕구를 가까운 사람에게 표현하는 상황이다.,curated_seed_v2,1,normal,
P0189,train,emotion_needs,ㅈㄱㅅㅅㅎ,조금 속상해,family,general,감정이나 심리적 욕구를 가까운 사람에게 표현하는 상황이다.,curated_seed_v2,1,normal,
P0185,train,emotion_needs,ㅇㄴㄴㅁㅍㄱㅎ,오늘 너무 피곤해,family,general,감정이나 심리적 욕구를 가까운 사람에게 표현하는 상황이다.,curated_seed_v2,1,normal,
P0187,train,emotion_needs,ㅈㄱㅇㅍㅇㅎ,지금은 편안해,family,general,감정이나 심리적 욕구를 가까운 사람에게 표현하는 상황이다.,curated_seed_v2,1,normal,
P0188,train,emotion_needs,ㅇㄴㅎㅂㅎ,오늘 행복해,family,general,감정이나 심리적 욕구를 가까운 사람에게 표현하는 상황이다.,curated_seed_v2,1,normal,
P0190,train,emotion_needs,ㅎㄱㅁㅇㄴ,화가 많이 나,family,general,감정이나 심리적 욕구를 가까운 사람에게 표현하는 상황이다.,curated_seed_v2,1,normal,
P0191,train,emotion_needs,ㅇㄱㅅㅇㄱㅂㅇㅇ,울고 싶은 기분이야,family,general,감정이나 심리적 욕구를 가까운 사람에게 표현하는 상황이다.,curated_seed_v2,1,normal,
P0192,train,emotion_needs,ㅇㄱㅅㅇㄱㅂㅇㅇ,웃고 싶은 기분이야,family,general,감정이나 심리적 욕구를 가까운 사람에게 표현하는 상황이다.,curated_seed_v2,1,normal,
P0193,train,emotion_needs,ㅈㄲㅎㅈㅇㄱㅅㅇ,잠깐 혼자 있고 싶어,family,general,감정이나 심리적 욕구를 가까운 사람에게 표현하는 상황이다.,curated_seed_v2,1,normal,
P0194,train,emotion_needs,ㄴㄱㄱㄱㅇㅇㅇㅇㅁㅈㄱㅇ,누군가 곁에 있었으면 좋겠어,family,general,감정이나 심리적 욕구를 가까운 사람에게 표현하는 상황이다.,curated_seed_v2,1,normal,
P0195,train,emotion_needs,ㅈㅇㅃㄹㄱㄱㅅㅇ,집에 빨리 가고 싶어,family,general,감정이나 심리적 욕구를 가까운 사람에게 표현하는 상황이다.,curated_seed_v2,1,normal,
P0196,train,emotion_needs,ㅈㄱㅅㄱㅅㄷ,조금 쉬고 싶다,family,general,감정이나 심리적 욕구를 가까운 사람에게 표현하는 상황이다.,curated_seed_v2,1,normal,
P0197,train,emotion_needs,ㄱㅂㅇㅈㄴㅇㅈㅇ,기분이 좀 나아졌어,family,general,감정이나 심리적 욕구를 가까운 사람에게 표현하는 상황이다.,curated_seed_v2,1,normal,
P0199,train,emotion_needs,ㄱㅈㅇㅁㅇㄷ,걱정이 많이 돼,family,general,감정이나 심리적 욕구를 가까운 사람에게 표현하는 상황이다.,curated_seed_v2,1,normal,
P0201,train,communication_control,ㅈㄱㅋㄱㅁㅎㅈ,조금 크게 말해줘,caregiver,general,"대화 속도나 반복, 설명 방식 등을 조절하고 싶은 상황이다.",curated_seed_v2,1,normal,
P0203,train,communication_control,ㅎㅂㅁㄷㅁㅎㅈ,한 번만 더 말해줘,caregiver,general,"대화 속도나 반복, 설명 방식 등을 조절하고 싶은 상황이다.",curated_seed_v2,1,normal,
P0204,train,communication_control,ㅉㄱㅅㅁㅎㅈ,짧게 설명해줘,caregiver,general,"대화 속도나 반복, 설명 방식 등을 조절하고 싶은 상황이다.",curated_seed_v2,1,normal,
P0205,train,communication_control,ㅅㄱㅅㅁㅎㅈ,쉽게 설명해줘,caregiver,general,"대화 속도나 반복, 설명 방식 등을 조절하고 싶은 상황이다.",curated_seed_v2,1,normal,
P0206,train,communication_control,ㅊㅊㅎㅅㅁㅎㅈ,천천히 설명해줘,caregiver,general,"대화 속도나 반복, 설명 방식 등을 조절하고 싶은 상황이다.",curated_seed_v2,1,normal,
P0209,train,communication_control,ㄴㄱㄲㄲㅈㅁㅎㄱ,내가 끝까지 말할게,caregiver,general,"대화 속도나 반복, 설명 방식 등을 조절하고 싶은 상황이다.",curated_seed_v2,1,normal,
P0210,train,communication_control,ㅈㄱㅇㄷㄷㅎㄱㅇㄹㅇ,지금은 대답하기 어려워,caregiver,general,"대화 속도나 반복, 설명 방식 등을 조절하고 싶은 상황이다.",curated_seed_v2,1,normal,
P0212,train,communication_control,ㅅㅌㅈㄹㄷㅅㅂㅇㅈ,선택지를 다시 보여줘,caregiver,general,"대화 속도나 반복, 설명 방식 등을 조절하고 싶은 상황이다.",curated_seed_v2,1,normal,
P0213,train,communication_control,ㅊㅂㅉㄹㅎㄱ,첫 번째로 할게,caregiver,general,"대화 속도나 반복, 설명 방식 등을 조절하고 싶은 상황이다.",curated_seed_v2,1,normal,
P0215,train,communication_control,ㅅㅂㅉㄹㅎㄱ,세 번째로 할게,caregiver,general,"대화 속도나 반복, 설명 방식 등을 조절하고 싶은 상황이다.",curated_seed_v2,1,normal,
P0217,train,communication_control,ㅊㅇㅂㅌㄷㅅㅎㄱ,처음부터 다시 할게,caregiver,general,"대화 속도나 반복, 설명 방식 등을 조절하고 싶은 상황이다.",curated_seed_v2,1,normal,
P0218,train,communication_control,ㅂㄱㅅㅌㅊㅅㅎㄱ,방금 선택 취소할게,caregiver,general,"대화 속도나 반복, 설명 방식 등을 조절하고 싶은 상황이다.",curated_seed_v2,1,normal,
P0219,train,communication_control,ㅇㅁㅈㅈㅇㅈ,이 문장 지워줘,caregiver,general,"대화 속도나 반복, 설명 방식 등을 조절하고 싶은 상황이다.",curated_seed_v2,1,normal,
P0220,train,communication_control,ㅇㄷㄹㅁㅎㅈ,이대로 말해줘,caregiver,general,"대화 속도나 반복, 설명 방식 등을 조절하고 싶은 상황이다.",curated_seed_v2,1,normal,
P0221,train,device_control,ㅎㄷㅍㅎㅁㅋㅈ,휴대폰 화면 켜줘,caregiver,home,"휴대폰, TV, 음악, 호출 장치 등 주변 기기를 조작하고 싶은 상황이다.",curated_seed_v2,1,normal,
P0222,train,device_control,ㅎㄷㅍㅎㅁㄲㅈ,휴대폰 화면 꺼줘,caregiver,home,"휴대폰, TV, 음악, 호출 장치 등 주변 기기를 조작하고 싶은 상황이다.",curated_seed_v2,1,normal,
P0223,train,device_control,ㅈㅎㅂㅇㅈ,전화 받아줘,caregiver,home,"휴대폰, TV, 음악, 호출 장치 등 주변 기기를 조작하고 싶은 상황이다.",curated_seed_v2,1,normal,
P0226,train,device_control,ㅁㅅㅈㅂㄴㅈ,메시지 보내줘,caregiver,home,"휴대폰, TV, 음악, 호출 장치 등 주변 기기를 조작하고 싶은 상황이다.",curated_seed_v2,1,normal,
P0227,train,device_control,ㅌㄹㅂㅈㅋㅈ,텔레비전 켜줘,caregiver,home,"휴대폰, TV, 음악, 호출 장치 등 주변 기기를 조작하고 싶은 상황이다.",curated_seed_v2,1,normal,
P0228,train,device_control,ㅌㄹㅂㅈㄲㅈ,텔레비전 꺼줘,caregiver,home,"휴대폰, TV, 음악, 호출 장치 등 주변 기기를 조작하고 싶은 상황이다.",curated_seed_v2,1,normal,
P0230,train,device_control,ㅅㄹㄹㅋㅇㅈ,소리를 키워줘,caregiver,home,"휴대폰, TV, 음악, 호출 장치 등 주변 기기를 조작하고 싶은 상황이다.",curated_seed_v2,1,normal,
P0231,train,device_control,ㅅㄹㄹㄴㅊㅈ,소리를 낮춰줘,caregiver,home,"휴대폰, TV, 음악, 호출 장치 등 주변 기기를 조작하고 싶은 상황이다.",curated_seed_v2,1,normal,
P0232,train,device_control,ㄴㄹㅈㅅㅎㅈ,노래 재생해줘,caregiver,home,"휴대폰, TV, 음악, 호출 장치 등 주변 기기를 조작하고 싶은 상황이다.",curated_seed_v2,1,normal,
P0235,train,device_control,ㅇㅈㄱㅌㅇㅈ,이전 곡 틀어줘,caregiver,home,"휴대폰, TV, 음악, 호출 장치 등 주변 기기를 조작하고 싶은 상황이다.",curated_seed_v2,1,normal,
P0236,train,device_control,ㅇㄹㅁㅊㅈ,알람 맞춰줘,caregiver,home,"휴대폰, TV, 음악, 호출 장치 등 주변 기기를 조작하고 싶은 상황이다.",curated_seed_v2,1,normal,
P0238,train,device_control,ㅎㅊㅂㅌㄴㄹㅈ,호출 버튼 눌러줘,caregiver,home,"휴대폰, TV, 음악, 호출 장치 등 주변 기기를 조작하고 싶은 상황이다.",curated_seed_v2,1,normal,
P0240,train,device_control,ㅊㅈㄱㅇㄱㅎㅈ,충전기 연결해줘,caregiver,home,"휴대폰, TV, 음악, 호출 장치 등 주변 기기를 조작하고 싶은 상황이다.",curated_seed_v2,1,normal,
P0241,train,ambiguity,ㅁㅈ,물 줘,other,general,같은 초성으로 여러 자연스러운 표현이 가능한 고중의성 상황이다.,curated_seed_v2,1,high,
P0242,train,ambiguity,ㅁㅈ,물 좀,other,general,같은 초성으로 여러 자연스러운 표현이 가능한 고중의성 상황이다.,curated_seed_v2,1,high,
P0243,train,ambiguity,ㅁㅈ,맥주,other,general,같은 초성으로 여러 자연스러운 표현이 가능한 고중의성 상황이다.,curated_seed_v2,1,high,
P0244,train,ambiguity,ㅁㅈ,먹자,other,general,같은 초성으로 여러 자연스러운 표현이 가능한 고중의성 상황이다.,curated_seed_v2,1,high,
P0245,train,ambiguity,ㅁㅈ,맞지,other,general,같은 초성으로 여러 자연스러운 표현이 가능한 고중의성 상황이다.,curated_seed_v2,1,high,
P0246,train,ambiguity,ㅁㅈ,뭐지,other,general,같은 초성으로 여러 자연스러운 표현이 가능한 고중의성 상황이다.,curated_seed_v2,1,high,
P0247,train,ambiguity,ㅁㅈ,먼저,other,general,같은 초성으로 여러 자연스러운 표현이 가능한 고중의성 상황이다.,curated_seed_v2,1,high,
P0248,train,ambiguity,ㅁㅈ,문제,other,general,같은 초성으로 여러 자연스러운 표현이 가능한 고중의성 상황이다.,curated_seed_v2,1,high,
P0249,train,ambiguity,ㅁㅈ,모자,other,general,같은 초성으로 여러 자연스러운 표현이 가능한 고중의성 상황이다.,curated_seed_v2,1,high,
P0250,train,ambiguity,ㅁㅈ,만져,other,general,같은 초성으로 여러 자연스러운 표현이 가능한 고중의성 상황이다.,curated_seed_v2,1,high,
P0251,train,ambiguity,ㄷㅇㅈ,도와줘,other,general,같은 초성으로 여러 자연스러운 표현이 가능한 고중의성 상황이다.,curated_seed_v2,1,high,
P0252,train,ambiguity,ㄷㅇㅈ,다음 주,other,general,같은 초성으로 여러 자연스러운 표현이 가능한 고중의성 상황이다.,curated_seed_v2,1,high,
P0253,train,ambiguity,ㄷㅇㅈ,들어줘,other,general,같은 초성으로 여러 자연스러운 표현이 가능한 고중의성 상황이다.,curated_seed_v2,1,high,
P0254,train,ambiguity,ㄷㅇㅈ,다 알지,other,general,같은 초성으로 여러 자연스러운 표현이 가능한 고중의성 상황이다.,curated_seed_v2,1,high,
P0255,train,ambiguity,ㄷㅇㅈ,다 있지,other,general,같은 초성으로 여러 자연스러운 표현이 가능한 고중의성 상황이다.,curated_seed_v2,1,high,
P0256,train,ambiguity,ㄷㅇㅈ,더 있죠,other,general,같은 초성으로 여러 자연스러운 표현이 가능한 고중의성 상황이다.,curated_seed_v2,1,high,
P0268,train,ambiguity,ㅁㅇ,맞아,other,general,같은 초성으로 여러 자연스러운 표현이 가능한 고중의성 상황이다.,curated_seed_v2,1,high,
P0269,train,ambiguity,ㅁㅇ,뭐야,other,general,같은 초성으로 여러 자연스러운 표현이 가능한 고중의성 상황이다.,curated_seed_v2,1,high,
P0270,train,ambiguity,ㅁㅇ,미안,other,general,같은 초성으로 여러 자연스러운 표현이 가능한 고중의성 상황이다.,curated_seed_v2,1,high,
P0271,train,ambiguity,ㅁㅇ,모여,other,general,같은 초성으로 여러 자연스러운 표현이 가능한 고중의성 상황이다.,curated_seed_v2,1,high,
P0272,train,ambiguity,ㅁㅇ,매워,other,general,같은 초성으로 여러 자연스러운 표현이 가능한 고중의성 상황이다.,curated_seed_v2,1,high,
P0273,train,ambiguity,ㅂㅈ,밥 줘,other,general,같은 초성으로 여러 자연스러운 표현이 가능한 고중의성 상황이다.,curated_seed_v2,1,high,
P0274,train,ambiguity,ㅂㅈ,밥 좀,other,general,같은 초성으로 여러 자연스러운 표현이 가능한 고중의성 상황이다.,curated_seed_v2,1,high,
P0275,train,ambiguity,ㅂㅈ,봐줘,other,general,같은 초성으로 여러 자연스러운 표현이 가능한 고중의성 상황이다.,curated_seed_v2,1,high,
P0276,train,ambiguity,ㅂㅈ,보자,other,general,같은 초성으로 여러 자연스러운 표현이 가능한 고중의성 상황이다.,curated_seed_v2,1,high,
P0277,train,ambiguity,ㅂㅈ,바지,other,general,같은 초성으로 여러 자연스러운 표현이 가능한 고중의성 상황이다.,curated_seed_v2,1,high,
P0278,train,ambiguity,ㅂㅈ,부자,other,general,같은 초성으로 여러 자연스러운 표현이 가능한 고중의성 상황이다.,curated_seed_v2,1,high,
P0279,train,ambiguity,ㅅㅇ,싫어,other,general,같은 초성으로 여러 자연스러운 표현이 가능한 고중의성 상황이다.,curated_seed_v2,1,high,
P0280,train,ambiguity,ㅅㅇ,쉬어,other,general,같은 초성으로 여러 자연스러운 표현이 가능한 고중의성 상황이다.,curated_seed_v2,1,high,
P0281,train,ambiguity,ㅅㅇ,사요,other,general,같은 초성으로 여러 자연스러운 표현이 가능한 고중의성 상황이다.,curated_seed_v2,1,high,
P0282,train,ambiguity,ㅅㅇ,서요,other,general,같은 초성으로 여러 자연스러운 표현이 가능한 고중의성 상황이다.,curated_seed_v2,1,high,
P0283,train,ambiguity,ㅅㅇ,세워,other,general,같은 초성으로 여러 자연스러운 표현이 가능한 고중의성 상황이다.,curated_seed_v2,1,high,
P0284,train,ambiguity,ㄷㅇ,더워,other,general,같은 초성으로 여러 자연스러운 표현이 가능한 고중의성 상황이다.,curated_seed_v2,1,high,
P0285,train,ambiguity,ㄷㅇ,도와,other,general,같은 초성으로 여러 자연스러운 표현이 가능한 고중의성 상황이다.,curated_seed_v2,1,high,
P0286,train,ambiguity,ㄷㅇ,닫아,other,general,같은 초성으로 여러 자연스러운 표현이 가능한 고중의성 상황이다.,curated_seed_v2,1,high,
P0287,train,ambiguity,ㄷㅇ,다음,other,general,같은 초성으로 여러 자연스러운 표현이 가능한 고중의성 상황이다.,curated_seed_v2,1,high,
P0288,train,ambiguity,ㄷㅇ,들어,other,general,같은 초성으로 여러 자연스러운 표현이 가능한 고중의성 상황이다.,curated_seed_v2,1,high,
P0289,train,ambiguity,ㅈㅈ,잘 자,other,general,같은 초성으로 여러 자연스러운 표현이 가능한 고중의성 상황이다.,curated_seed_v2,1,high,
P0290,train,ambiguity,ㅈㅈ,자자,other,general,같은 초성으로 여러 자연스러운 표현이 가능한 고중의성 상황이다.,curated_seed_v2,1,high,
P0291,train,ambiguity,ㅈㅈ,좀 줘,other,general,같은 초성으로 여러 자연스러운 표현이 가능한 고중의성 상황이다.,curated_seed_v2,1,high,
P0293,train,ambiguity,ㄱㅁㅇ,고마워,other,general,같은 초성으로 여러 자연스러운 표현이 가능한 고중의성 상황이다.,curated_seed_v2,1,high,
P0294,train,ambiguity,ㄱㅁㅇ,그만요,other,general,같은 초성으로 여러 자연스러운 표현이 가능한 고중의성 상황이다.,curated_seed_v2,1,high,
P0295,train,ambiguity,ㄱㅁㅇ,그 말이,other,general,같은 초성으로 여러 자연스러운 표현이 가능한 고중의성 상황이다.,curated_seed_v2,1,high,
P0296,train,ambiguity,ㄱㅁㅇ,귤 먹어,other,general,같은 초성으로 여러 자연스러운 표현이 가능한 고중의성 상황이다.,curated_seed_v2,1,high,
P0004,dev,basic_request,ㄱㄲㅇㅇㅈ,가까이 와줘,family,home,가족에게 일상적인 도움이나 물건 이동을 부탁하는 상황이다.,curated_seed_v2,1,normal,
P0005,dev,basic_request,ㅈㄱㄷㄹㄱㅈ,조금 뒤로 가줘,family,home,가족에게 일상적인 도움이나 물건 이동을 부탁하는 상황이다.,curated_seed_v2,1,normal,
P0009,dev,basic_request,ㅈㄱㅊㅇㅈ,저거 치워줘,family,home,가족에게 일상적인 도움이나 물건 이동을 부탁하는 상황이다.,curated_seed_v2,1,normal,
P0017,dev,basic_request,ㅇㅇㄹㅇㅈ,옆으로 와줘,family,home,가족에게 일상적인 도움이나 물건 이동을 부탁하는 상황이다.,curated_seed_v2,1,normal,
P0025,dev,food_drink,ㅋㅍㅈㅈ,커피 좀 줘,family,meal,식사나 음료와 관련된 요구를 전달하는 상황이다.,curated_seed_v2,1,normal,
P0026,dev,food_drink,ㅇㅇㅈㅈ,우유 좀 줘,family,meal,식사나 음료와 관련된 요구를 전달하는 상황이다.,curated_seed_v2,1,normal,
P0029,dev,food_drink,ㅅㄱㄹㅈㅈ,숟가락 좀 줘,family,meal,식사나 음료와 관련된 요구를 전달하는 상황이다.,curated_seed_v2,1,normal,
P0035,dev,food_drink,ㄱㅇㅈㅈ,과일 좀 줘,family,meal,식사나 음료와 관련된 요구를 전달하는 상황이다.,curated_seed_v2,1,normal,
P0038,dev,food_drink,ㅎㅇㅁㅈ,한 입만 줘,family,meal,식사나 음료와 관련된 요구를 전달하는 상황이다.,curated_seed_v2,1,normal,
P0041,dev,environment,ㅇㅇㅋㅈㅋㅈ,에어컨 좀 켜줘,caregiver,home,"주변 온도, 빛, 소리, 공기를 조절하고 싶은 상황이다.",curated_seed_v2,1,normal,
P0047,dev,environment,ㅋㅌㅈㅇㅇㅈ,커튼 좀 열어줘,caregiver,home,"주변 온도, 빛, 소리, 공기를 조절하고 싶은 상황이다.",curated_seed_v2,1,normal,
P0057,dev,environment,ㅂㅇㄴㅁㄷㄷㅎ,방이 너무 답답해,caregiver,home,"주변 온도, 빛, 소리, 공기를 조절하고 싶은 상황이다.",curated_seed_v2,1,normal,
P0059,dev,environment,ㅎㄱㅈㅅㅋㅈ,환기 좀 시켜줘,caregiver,home,"주변 온도, 빛, 소리, 공기를 조절하고 싶은 상황이다.",curated_seed_v2,1,normal,
P0060,dev,environment,ㅈㄱㅈㅇㅎㅎㅈ,조금 조용히 해줘,caregiver,home,"주변 온도, 빛, 소리, 공기를 조절하고 싶은 상황이다.",curated_seed_v2,1,normal,
P0066,dev,positioning,ㅍㅈㄴㄹㅈ,팔 좀 내려줘,caregiver,positioning,현재 자세가 불편해서 몸이나 침대 위치를 조절해야 하는 상황이다.,curated_seed_v2,1,high,
P0084,dev,pain_discomfort,ㅍㅇㄴㅁㅇㅍ,팔이 너무 아파,medical_staff,pain,통증이나 신체 불편을 의료진 또는 보호자에게 알리는 상황이다.,curated_seed_v2,1,high,
P0087,dev,pain_discomfort,ㅁㄹㄱㅇㅈㄹㅇ,머리가 어지러워,medical_staff,pain,통증이나 신체 불편을 의료진 또는 보호자에게 알리는 상황이다.,curated_seed_v2,1,high,
P0092,dev,pain_discomfort,ㄱㅊㅇㄱㅅㄴㅇ,기침이 계속 나와,medical_staff,pain,통증이나 신체 불편을 의료진 또는 보호자에게 알리는 상황이다.,curated_seed_v2,1,high,
P0097,dev,pain_discomfort,ㅇㄲㄱㅃㄱㅎ,어깨가 뻐근해,medical_staff,pain,통증이나 신체 불편을 의료진 또는 보호자에게 알리는 상황이다.,curated_seed_v2,1,high,
P0101,dev,medical_communication,ㅎㅇㄷㅅㅈㅈㅅㅇ,혈압 다시 재주세요,medical_staff,hospital,병원에서 의료진에게 상태 확인이나 처치를 요청하는 상황이다.,curated_seed_v2,1,high,
P0102,dev,medical_communication,ㅊㅇㄷㅅㅈㅈㅅㅇ,체온 다시 재주세요,medical_staff,hospital,병원에서 의료진에게 상태 확인이나 처치를 요청하는 상황이다.,curated_seed_v2,1,high,
P0105,dev,medical_communication,ㅌㅈㅇㄷㅅㅎㅈㅇㅇ,통증이 더 심해졌어요,medical_staff,hospital,병원에서 의료진에게 상태 확인이나 처치를 요청하는 상황이다.,curated_seed_v2,1,high,
P0114,dev,medical_communication,ㅅㅁㅇㄷㅅㅎㅈㅅㅇ,설명을 다시 해주세요,medical_staff,hospital,병원에서 의료진에게 상태 확인이나 처치를 요청하는 상황이다.,curated_seed_v2,1,high,
P0120,dev,medical_communication,ㄱㅅㄱㄱㄹㅇㄹㅈㅅㅇ,검사 결과를 알려주세요,medical_staff,hospital,병원에서 의료진에게 상태 확인이나 처치를 요청하는 상황이다.,curated_seed_v2,1,high,
P0124,dev,schedule_time,ㄴㅇㅇㅅㅇㅈ,내일 약속 있지,family,schedule,"시간, 약속, 방문 일정이나 하루 계획을 묻거나 정하는 상황이다.",curated_seed_v2,1,normal,
P0135,dev,schedule_time,ㅇㅈㄷㅅㅇㄱㅇ,언제 다시 올 거야,family,schedule,"시간, 약속, 방문 일정이나 하루 계획을 묻거나 정하는 상황이다.",curated_seed_v2,1,normal,
P0136,dev,schedule_time,ㅇㄴㅇㅈㅇㄹㅈ,오늘 일정 알려줘,family,schedule,"시간, 약속, 방문 일정이나 하루 계획을 묻거나 정하는 상황이다.",curated_seed_v2,1,normal,
P0140,dev,schedule_time,ㅈㄱㅇㄷㄱㅎㅈ,조금 있다가 하자,family,schedule,"시간, 약속, 방문 일정이나 하루 계획을 묻거나 정하는 상황이다.",curated_seed_v2,1,normal,
P0145,dev,social,ㅈㅉㅇㄱㄷ,진짜 웃기다,friend,general,가족이나 친구와 일상적인 사회적 대화를 하는 상황이다.,curated_seed_v2,1,normal,
P0152,dev,social,ㅅㅈㅈㅂㅇㅈ,사진 좀 보여줘,friend,general,가족이나 친구와 일상적인 사회적 대화를 하는 상황이다.,curated_seed_v2,1,normal,
P0160,dev,social,ㄱㅇㅇㅇㅈ,곁에 있어줘,friend,general,가족이나 친구와 일상적인 사회적 대화를 하는 상황이다.,curated_seed_v2,1,normal,
P0164,dev,questions_answers,ㅇㄱㄹㄱㅇ,왜 그런 거야,family,general,상대에게 질문하거나 짧게 대답해야 하는 상황이다.,curated_seed_v2,1,normal,
P0165,dev,questions_answers,ㅇㄸㄱㅎㅁㄷ,어떻게 하면 돼,family,general,상대에게 질문하거나 짧게 대답해야 하는 상황이다.,curated_seed_v2,1,normal,
P0166,dev,questions_answers,ㅇㅈㅇㄴㄱㅇ,언제 오는 거야,family,general,상대에게 질문하거나 짧게 대답해야 하는 상황이다.,curated_seed_v2,1,normal,
P0168,dev,questions_answers,ㅈㄱㅁㅇ,저게 뭐야,family,general,상대에게 질문하거나 짧게 대답해야 하는 상황이다.,curated_seed_v2,1,normal,
P0176,dev,questions_answers,ㄱㄱㅇㄴㄱㄱㅇ,그건 아닌 것 같아,family,general,상대에게 질문하거나 짧게 대답해야 하는 상황이다.,curated_seed_v2,1,normal,
P0177,dev,questions_answers,ㅁㅅㄸㅇㅇ,무슨 뜻이야,family,general,상대에게 질문하거나 짧게 대답해야 하는 상황이다.,curated_seed_v2,1,normal,
P0178,dev,questions_answers,ㅇㄷㅇㅇㄴㄱㅇ,어디에 있는 거야,family,general,상대에게 질문하거나 짧게 대답해야 하는 상황이다.,curated_seed_v2,1,normal,
P0180,dev,questions_answers,ㅇㄴㅇㅇ,왜 늦었어,family,general,상대에게 질문하거나 짧게 대답해야 하는 상황이다.,curated_seed_v2,1,normal,
P0186,dev,emotion_needs,ㅁㅇㅇㄷㄷㅎ,마음이 답답해,family,general,감정이나 심리적 욕구를 가까운 사람에게 표현하는 상황이다.,curated_seed_v2,1,normal,
P0198,dev,emotion_needs,ㅇㄴㅇㄱㅂㅇㅇㅈㅇ,오늘은 기분이 안 좋아,family,general,감정이나 심리적 욕구를 가까운 사람에게 표현하는 상황이다.,curated_seed_v2,1,normal,
P0200,dev,emotion_needs,ㅁㅇㅇㅍㅎㅈㅇ,마음이 편해졌어,family,general,감정이나 심리적 욕구를 가까운 사람에게 표현하는 상황이다.,curated_seed_v2,1,normal,
P0202,dev,communication_control,ㅈㄱㅈㄱㅁㅎㅈ,조금 작게 말해줘,caregiver,general,"대화 속도나 반복, 설명 방식 등을 조절하고 싶은 상황이다.",curated_seed_v2,1,normal,
P0207,dev,communication_control,ㅈㅁㅇㄷㅅㅎㅈ,질문을 다시 해줘,caregiver,general,"대화 속도나 반복, 설명 방식 등을 조절하고 싶은 상황이다.",curated_seed_v2,1,normal,
P0208,dev,communication_control,ㄴㅁㅇㄱㄷㄹㅈ,내 말을 기다려줘,caregiver,general,"대화 속도나 반복, 설명 방식 등을 조절하고 싶은 상황이다.",curated_seed_v2,1,normal,
P0211,dev,communication_control,ㅇㅇㄴㅇㄹㅁㅇㅂㅈ,예 아니오로 물어봐줘,caregiver,general,"대화 속도나 반복, 설명 방식 등을 조절하고 싶은 상황이다.",curated_seed_v2,1,normal,
P0214,dev,communication_control,ㄷㅂㅉㄹㅎㄱ,두 번째로 할게,caregiver,general,"대화 속도나 반복, 설명 방식 등을 조절하고 싶은 상황이다.",curated_seed_v2,1,normal,
P0216,dev,communication_control,ㄷㄹㅅㅌㅈㅂㅇㅈ,다른 선택지 보여줘,caregiver,general,"대화 속도나 반복, 설명 방식 등을 조절하고 싶은 상황이다.",curated_seed_v2,1,normal,
P0224,dev,device_control,ㅈㅎㄲㅇㅈ,전화 끊어줘,caregiver,home,"휴대폰, TV, 음악, 호출 장치 등 주변 기기를 조작하고 싶은 상황이다.",curated_seed_v2,1,normal,
P0225,dev,device_control,ㅁㅅㅈㅇㅇㅈ,메시지 읽어줘,caregiver,home,"휴대폰, TV, 음악, 호출 장치 등 주변 기기를 조작하고 싶은 상황이다.",curated_seed_v2,1,normal,
P0229,dev,device_control,ㅊㄴㅂㄲㅈ,채널 바꿔줘,caregiver,home,"휴대폰, TV, 음악, 호출 장치 등 주변 기기를 조작하고 싶은 상황이다.",curated_seed_v2,1,normal,
P0233,dev,device_control,ㄴㄹㅁㅊㅈ,노래 멈춰줘,caregiver,home,"휴대폰, TV, 음악, 호출 장치 등 주변 기기를 조작하고 싶은 상황이다.",curated_seed_v2,1,normal,
P0234,dev,device_control,ㄷㅇㄱㅌㅇㅈ,다음 곡 틀어줘,caregiver,home,"휴대폰, TV, 음악, 호출 장치 등 주변 기기를 조작하고 싶은 상황이다.",curated_seed_v2,1,normal,
P0237,dev,device_control,ㅇㄹㄲㅈ,알람 꺼줘,caregiver,home,"휴대폰, TV, 음악, 호출 장치 등 주변 기기를 조작하고 싶은 상황이다.",curated_seed_v2,1,normal,
P0239,dev,device_control,ㅎㅁㅇㄴㄱㅈ,화면을 넘겨줘,caregiver,home,"휴대폰, TV, 음악, 호출 장치 등 주변 기기를 조작하고 싶은 상황이다.",curated_seed_v2,1,normal,
P0257,dev,ambiguity,ㅈㅇ,좋아,other,general,같은 초성으로 여러 자연스러운 표현이 가능한 고중의성 상황이다.,curated_seed_v2,1,high,
P0258,dev,ambiguity,ㅈㅇ,줘요,other,general,같은 초성으로 여러 자연스러운 표현이 가능한 고중의성 상황이다.,curated_seed_v2,1,high,
P0259,dev,ambiguity,ㅈㅇ,저요,other,general,같은 초성으로 여러 자연스러운 표현이 가능한 고중의성 상황이다.,curated_seed_v2,1,high,
P0260,dev,ambiguity,ㅈㅇ,자요,other,general,같은 초성으로 여러 자연스러운 표현이 가능한 고중의성 상황이다.,curated_seed_v2,1,high,
P0261,dev,ambiguity,ㅈㅇ,지워,other,general,같은 초성으로 여러 자연스러운 표현이 가능한 고중의성 상황이다.,curated_seed_v2,1,high,
P0262,dev,ambiguity,ㅈㅇ,주워,other,general,같은 초성으로 여러 자연스러운 표현이 가능한 고중의성 상황이다.,curated_seed_v2,1,high,
P0263,dev,ambiguity,ㅇㄴ,아니,other,general,같은 초성으로 여러 자연스러운 표현이 가능한 고중의성 상황이다.,curated_seed_v2,1,high,
P0264,dev,ambiguity,ㅇㄴ,안녕,other,general,같은 초성으로 여러 자연스러운 표현이 가능한 고중의성 상황이다.,curated_seed_v2,1,high,
P0265,dev,ambiguity,ㅇㄴ,오늘,other,general,같은 초성으로 여러 자연스러운 표현이 가능한 고중의성 상황이다.,curated_seed_v2,1,high,
P0266,dev,ambiguity,ㅇㄴ,언니,other,general,같은 초성으로 여러 자연스러운 표현이 가능한 고중의성 상황이다.,curated_seed_v2,1,high,
P0267,dev,ambiguity,ㅇㄴ,안내,other,general,같은 초성으로 여러 자연스러운 표현이 가능한 고중의성 상황이다.,curated_seed_v2,1,high,
P0292,dev,ambiguity,ㅈㅉ,저쪽,other,general,같은 초성으로 여러 자연스러운 표현이 가능한 고중의성 상황이다.,curated_seed_v2,1,high,
